13743,13798,CUUUAAGUUUAGAAUAGACGGUGACAUGGUACCACAUAUAUCACGUCAACGUCUUA,...............(((((.((((.(((((.......))))).)))).)))))..,GTGACATGGTACCACA,0.919823
17511,17566,GUGUAGACUUAUGAAAACUAUAGGUCCAGACAUGUUCCUCGGAACUUGUCGGCGUU,.....(((((((.......)))))))..((((.((((....)))).))))......,TAGGTCCAGACATGTT,0.861393
28990,29054,ACAACAACAAGGCCAAACUGUCACUAAGAAAUCUGCUGCUGAGGCUUCUAAGAAGCCUCGGCAAA,....................................(((((((((((.....)))))))))))..,TCACTAAGAAATCTGCTGCTGAGGC,0.855851
172,236,UCGUCUAUCUUCUGCAGGCUGCUUACGGUUUCGUCCGUGUUGCAGCCGAUCAUCAGCACAUCUAG,................((((((..((((......))))...))))))..................,GCTTACGGTTTCGTCCGTGTTGCAG,0.837380
26,109,AACAAACCAACCAACUUUCGAUCUCUUGUAGAUCUGUUCUCUAAACGAACUUUAAAAUCUGUGUGGCUGUCACUCGGCUGCAUG,...................((((.......))))..(((.......)))...........(((((((((.....))))))))).,ATCTCTTGTAGATCTGTTCTCTAAACGAACTTTAAAATCTGTGT,0.782119
25374,25429,AUUACACAUAAACGAACUUAUGGAUUUGUUUAUGAGAAUCUUCACAAUUGGAACUG,......((((((((((........))))))))))......................,TGGATTTGTTTATGAG,0.775484
17838,17896,UUCAUCACAGGGCUCAGAAUAUGACUAUGUCAUAUUCACUCAAACCACUGAAACAGCUC,................(((((((((...)))))))))......................,ATGACTATGTCATATTCAC,0.775000
12886,12944,AGAACUGGAACCACCUUGUAGGUUUGUUACAGACACACCUAAAGGUCCUAAAGUGAAGU,............(((((.(((((.((.......)).)))))))))).............,GGTTTGTTACAGACACACC,0.766957
13439,13507,CAGUCAGCUGAUGCACAAUCGUUUUUAAACGGGUUUGCGGUGUAAGUGCAGCCCGUCUUACACCGUGCG,...................((((....)))).....((((((((((..........))))))))))...,GTTTTTAAACGGGTTTGCGGTGTAAGTGC,0.746431
13470,13529,GGUUUGCGGUGUAAGUGCAGCCCGUCUUACACCGUGCGGCACAGGCACUAGUACUGAUGU,.....((((((((((..........)))))))))).........................,CCCGTCTTACACCGTGCGGC,0.743371
29579,29650,GCUUUUCCGUUUACGAUAUAUAGUCUACUCUUGUGCAGAAUGAAUUCUCGUAACUACAUAGCACAAGUAGAU,......................(((((...((((((........................)))))).))))),TAGTCTACTCTTGTGCAGAATGAATTCTCGTA,0.721264
26213,26281,CUUUGUAAGCACAAGCUGAUGAGUACGAACUUAUGUACUCAUUCGUUUCGGAAGAGACAGGUACGUUAA,..................((((((((........))))))))..(((((....)))))...........,GAGTACGAACTTATGTACTCATTCGTTTC,0.710877
29155,29216,AGGAACUGAUUACAAACAUUGGCCGCAAAUUGCACAAUUUGCCCCCAGCGCUUCAGCGUUCU,....................((..(((((((....)))))))..))..(((....)))....,GGCCGCAAATTGCACAATTTGC,0.708298
6387,6453,GCGAAGAUCUAAAACCAGUCUCUGAAGAAGUAGUGGAAAAUCCUACCAUACAGAAAGACGUUCUUGA,.................(((((((.....((((.........))))....))))..)))........,TCTGAAGAAGTAGTGGAAAATCCTACC,0.703328
13656,13711,UAAGAGACACACUUUCUCUAACUACCAACAUGAAGAAACAAUUUAUAAUUUACUUA,..(((((.......))))).....................................,ACTACCAACATGAAGA,0.697099
18177,18235,UAAGGACAUGACCUAUAGAAGACUCAUCUCUAUGAUGGGUUUUAAAAUGAAUUAUCAAG,....................((((((((.....))))))))..................,GACTCATCTCTATGATGGG,0.688670
26295,26350,ACUUCUUUUUCUUGCUUUCGUGGUAUUCUUGCUAGUUACACUAGCCAUCCUUACUG,..............................(((((.....)))))...........,TGGTATTCTTGCTAGT,0.670528
217,277,CCGAUCAUCAGCACAUCUAGGUUUCGUCCGGGUGUGACCGAAAGGUAAGAUGGAGAGCCUU,....(((((..(((((((.((......)))))))))(((....)))..)))))........,GTTTCGTCCGGGTGTGACCGA,0.657732
26250,26320,CUCAUUCGUUUCGGAAGAGACAGGUACGUUAAUAGUUAAUAGCGUACUUCUUUUUCUUGCUUUCGUGGUAU,..................(...(((((((((........))))))))).).....................,CAGGTACGTTAATAGTTAATAGCGTACTTCT,0.645175
26313,26414,CGUGGUAUUCUUGCUAGUUACACUAGCCAUCCUUACUGCGCUUCGAUUGUGUGCGUACUGCUGCAAUAUUGUUAACGUGAGUCUUGUAAAACCUUCUUUUUA,(((((((.....(((((.....)))))......)))))))..............................................................,CACTAGCCATCCTTACTGCGCTTCGATTGTGTGCGTACTGCTGCAATATTGTTAACGTGAGT,0.643155
28963,29017,UGAGAGCAAAAUGUCUGGUAAAGGCCAACAACAACAAGGCCAAACUGUCACUAAG,......................((((...........))))..............,AAGGCCAACAACAAC,0.629316
16815,16870,ACAAAUAGGAGAGUACACCUUUGAAAAAGGUGACUAUGGUGAUGCUGUUGUUUACC,...........(((.(((((((...))))))))))..(((((.((....))))))),TTGAAAAAGGTGACTA,0.612617
29714,29777,AGAGCCACCACAUUUUCACCGAGGCCACGCGGAGUACGAUCGAGUGUACAGUGAACAAUGCUAG,..........(((((((((...(..(((.(((.......))).)))..).))))).))))....,GAGGCCACGCGGAGTACGATCGAG,0.599122
12269,12323,GAAAAGAUGGCUGAUCAAGCUAUGACCCAAAUGUAUAAACAGGCUAGAUCUGAGG,............((((.((((....................)))).)))).....,TATGACCCAAATGTA,0.596048
13371,13436,UCUGUACCGUCUGCGGUAUGUGGAAAGGUUAUGGCUGUAGUUGUGAUCAACUCCGCGAACCCAUGC,...((((((....))))))....................((((....))))...............,TGGAAAGGTTATGGCTGTAGTTGTGA,0.593740
12949,13010,AUACUUUAUUAAAGGAUUAAACAACCUAAAUAGAGGUAUGGUACUUGGUAGUUUAGCUGCCA,((((((((((..(((.(.....).))).)))))).))))......(((((((...))))))),ACAACCTAAATAGAGGTATGGT,0.566432
28251,28313,UUCAUCUAAACGAACAAACUAAAAUGUCUGAUAAUGGACCCCAAAAUCAGCGAAAUGCACCCC,...........................(((((..(((...)))..))))).............,AAAATGTCTGATAATGGACCCCA,0.562942
27014,27082,GCCUAAAGAAAUCACUGUUGCUACAUCACGAACGCUUUCUUAUUACAAAUUGGGAGCUUCGCAGCGUGU,............(((.((((........((((.((((((..((.....)).))))))))))))))))).,CTACATCACGAACGCTTTCTTATTACAAA,0.543534
5654,5708,CUAGUACAACAGGAGUCACCUUUUGUUAUGAUGUCAGCACCACCUGCUCAGUAUG,........(((((((....)))))))..........((.......))........,TTTTGTTATGATGTC,0.540617
26406,26461,UUCUUUUUACGUUUACUCUCGUGUUAAAAAUCUGAAUUCUUCUAGAGUUCCUGAUC,.................................((((((.....))))))......,GTGTTAAAAATCTGAA,0.536313
19605,19659,UUUUACAAGACUUCAGAGUUUAGAAAAUGUGGCUUUUAAUGUUGUAAAUAAGGGA,.(((((((..(((.((((((..........)))))).)).)))))))).......,TAGAAAATGTGGCTT,0.518399
13348,13403,GGGUUUUACACUUAAAAACACAGUCUGUACCGUCUGCGGUAUGUGGAAAGGUUAUG,..(((((.......)))))((.....((((((....))))))))............,CAGTCTGTACCGTCTG,0.513845
27367,27425,CAACCAAUGGAGAUUGAUUAAACGAACAUGAAAAUUAUUCUUUUCUUGGCACUGAUAAC,...((((.(((((.(((((...((....))..))))).)))))..))))..........,AACGAACATGAAAATTATT,0.487037
26172,26247,GGAACCAAUUUAUGAUGAACCGACGACGACUACUAGCGUGCCUUUGUAAGCACAAGCUGAUGAGUACGAACUUAUG,.....................(....)......((((((((.(....).))))..))))((((((....)))))).,CGACGACGACTACTAGCGTGCCTTTGTAAGCACAAG,0.485691
12193,12254,UCUUAAAAAGUUGAAGAAGUCUUUGAAUGUGGCUAAAUCUGAAUUUGACCGUGAUGCAGCCA,......((((..........)))).....(((((..(((.(........)..)))..))))),CTTTGAATGTGGCTAAATCTGA,0.485225
274,338,CCUUGUCCCUGGUUUCAACGAGAAAACACACGUCCAACUCAGUUUGCCUGUUUUACAGGUUCGCG,.............................................(((((.....))))).....,AGAAAACACACGTCCAACTCAGTTT,0.483298
29266,29325,GACCUACACAGGUGCCAUCAAAUUGGAUGACAAAGAUCCAAAUUUCAAAGAUCAAGUCAU,.((((....)))).(((......)))(((((...((((...........))))..))))),AATTGGATGACAAAGATCCA,0.476069
20094,20150,ACAAGCUAGUCUUAAUGGAGUCACAUUAAUUGGAGAAGCCGUAAAAACACAGUUCAA,....(((..((((((((......))))))...))..))).((....)).........,TCACATTAATTGGAGAA,0.469922
28725,28814,CUGCUAACAAUGCUGCAAUCGUGCUACAACUUCCUCAAGGAACAACAUUGCCAAAAGGCUUCUACGCAGAAGGGAGCAGAGGCGGCAGUC,(.........((((((..((.((((.(..((((.....((((.......(((....))))))).....))))).)))))).)))))))..,GTGCTACAACTTCCTCAAGGAACAACATTGCCAAAAGGCTTCTACGCAGA,0.464697
26446,26501,UCUAGAGUUCCUGAUCUUCUGGUCUAAACGAACUAAAUAUUAUAUUAGUUUUUCUG,......((....((((....))))...))(((((((........))))))).....,GGTCTAAACGAACTAA,0.464593
14862,14920,AGUUGUUGAUAAGUACUUUGAUUGUUACGAUGGUGGCUGUAUUAAUGCUAACCAAGUCA,...............................((((((.........))).)))......,ATTGTTACGATGGTGGCTG,0.452815
16411,16465,GAUGUGACUCAACUUUACUUAGGAGGUAUGAGCUAUUAUUGUAAAUCACAUAAAC,.((((((((((((((.......)).)).)))).............))))))....,AGGAGGTATGAGCTA,0.442920
28387,28442,ACAACGUCGGCCCCAAGGUUUACCCAAUAAUACUGCGUCUUGGUUCACCGCUCUCA,.......(((..(((((((.................)))))))....)))......,TACCCAATAATACTGC,0.441786
14731,14797,GAAGGAAGUUCUGUUGAAUUAAAACACUUCUUCUUUGCUCAGGAUGGUAAUGCUGCUAUCAGCGAUU,.(((((((...((((.......))))...)))))))(((...(((((((....))))))))))....,AAAACACTTCTTCTTTGCTCAGGATGG,0.433888
25528,25582,CUUAUUGUUGGCGUUGCACUUCUUGCUGUUUUUCAGAGCGCUUCCAAAAUCAUAA,..(((((..((((((.((.....))(((.....)))))))))..))).....)).,TCTTGCTGTTTTTCA,0.429640
14973,15028,GGCUAGACUUUAUUAUGAUUCAAUGAGUUAUGAGGAUCAAGAUGCACUUUUCGCAU,.............(.((((((.(.......)..)))))).)((((.......)))),CAATGAGTTATGAGGA,0.412940
26765,26820,UAUCGCAAUGGCUUGUCUUGUAGGCUUGAUGUGGCUCAGCUACUUCAUUGCUUCUU,....(((((((((.........)))...(.(((((...))))).))))))).....,TAGGCTTGATGTGGCT,0.408829
27074,27131,GCAGCGUGUAGCAGGUGACUCAGGUUUUGCUGCAUACAGUCGCUACAGGAUUGGCAAC,..((((((((((((..(((....))))))))))))......)))..............,CAGGTTTTGCTGCATACA,0.407898
27164,27232,UGACAAUAUUGCUUUGCUUGUACAGUAAGUGACAACAGAUGUUUCAUCUCGUUGACUUUCAGGUUACUA,.........(((((.(((.....)))))))).(((((((((...))))).))))(((....))).....,TACAGTAAGTGACAACAGATGTTTCATCT,0.405509
29209,29272,AGCGUUCUUCGGAAUGUCGCGCAUUGGCAUGGAAGUCACACCUUCGGGAACGUGGUUGACCUAC,.(((((((.((..(((((.......)))))..(((......))))))))))))((....))...,GCATTGGCATGGAAGTCACACCTT,0.405035
29690,29744,GUGUAACAUUAGGGAGGACUUGAAAGAGCCACCACAUUUUCACCGAGGCCACGCG,(((.((.((..((..((.(((....))))).))..)))).)))((.(....).)),TGAAAGAGCCACCAC,0.403041
27146,27201,AGACCAUUCCAGUAGCAGUGACAAUAUUGCUUUGCUUGUACAGUAAGUGACAACAG,..........((((((((((....)))))))..))).(............).....,ACAATATTGCTTTGCT,0.400123
27498,27553,CUCUUCUGGAACAUACGAGGGCAAUUCACCAUUUCAUCCUCUAGCUGAUAACAAAU,...........(...((((((.(((.....)))...)))))..)..).........,GCAATTCACCATTTCA,0.395707
16998,17059,AACACUCAAUAUCUCAGAUGAGUUUUCUAGCAAUGUUGCAAAUUAUCAAAAGGUUGGUAUGC,.(.(((((.(.......)))))).)......(....)(((...((((((....))))))))),AGTTTTCTAGCAATGTTGCAAA,0.380756
29852,29923,AGCUUCUUAGGAGAAUGACAAAAAAAAAAAAAAAAAAAAAAAAAAAAAAAAA,...((((....)))).....................................,AAAAAAAAAAAAAAAAAAAAAAAAAAAAAAAA,0.370801
28494,28556,UUAACACCAAUAGCAGUCCAGAUGACCAAAUUGGCUACUACCGAAGAGCUACCAGACGAAUUC,......(((((....(((.....)))...)))))((.((.....))))...............,GATGACCAAATTGGCTACTACCG,0.366925
14631,14707,AGUAGCUGCACUUACUAACAAUGUUGCUUUUCAAACUGUCAAACCCGGUAAUUUUAACAAAGACUUCUAUGACUUUG,...(((.(((...........))).)))......((((.......))))........(((((.(......).))))),ATGTTGCTTTTCAAACTGTCAAACCCGGTAATTTTAA,0.366828
28852,28906,UUCAAGAAAUUCAACUCCAGGCAGCAGUAGGGGAACUUCUCCUGCUAGAAUGGCU,................(((...(((((...(((.....))))))))....)))..,GCAGCAGTAGGGGAA,0.361979
15331,15387,AGAAUUAUGGCCUCACUUGUUCUUGCUCGCAAACAUACAACGUGUUGUAGCUUGUCA,(((((...(....)....))))).(((.((.(((((.....))))))))))......,TCTTGCTCGCAAACATA,0.357157
240,298,UCGUCCGGGUGUGACCGAAAGGUAAGAUGGAGAGCCUUGUCCCUGGUUUCAACGAGAAA,(((((((((...(((...(((((..........))))))))))))).....))))....,GGTAAGATGGAGAGCCTTG,0.356248
15222,15277,CUAUGGUGGUUGGCACAACAUGUUAAAAACUGUUUAUAGUGAUGUAGAAAACCCUC,.......((((...(((.(((..((((.....))))..))).)))....))))...,TGTTAAAAACTGTTTA,0.353317
29339,29414,CAUAUUGACGCAUACAAAACAUUCCCACCAACAGAGCCUAAAAAGGACAAAAAGAAGAAGGCUGAUGAAACUCAAG,....(((.......))).................(((((...................))))).............,ATTCCCACCAACAGAGCCTAAAAAGGACAAAAAGAA,0.338297
27752,27813,CAGAAUGAUUGAACUUUCAUUAAUUGACUUCUAUUUGUGCUUUUUAGCCUUUCUGCUAUUCC,((((((((........)))(.(((........))).).(((....)))..))))).......,TAATTGACTTCTATTTGTGCTT,0.323393
29633,29707,UACAUAGCACAAGUAGAUGUAGUUAACUUUAAUCUCACAUAGCAAUCUUUAAUCAGUGUGUAACAUUAGGGAGGA,(((((.((....))..))))).....(((((((..(((((.(...........).)))))....)))))))....,AGTTAACTTTAATCTCACATAGCAATCTTTAATCA,0.322036
26478,26534,CUAAAUAUUAUAUUAGUUUUUCUGUUUGGAACUUUAAUUUUAGCCAUGGCAGAUUCC,((............))....(((((((((..((........))))).))))))....,TCTGTTTGGAACTTTAA,0.318954
29524,29586,UCAGGCCUAAACUCAUGCAGACCACACAAGGCAGAUGGGCUAUAUAAACGUUUUCGCUUUUCC,...((((((......(((............)))..)))))).......((....)).......,ACCACACAAGGCAGATGGGCTAT,0.298053
27776,27838,UGACUUCUAUUUGUGCUUUUUAGCCUUUCUGCUAUUCCUUGUUUUAAUUAUGCUUAUUAUCUU,....................((((......))))..........((((.......))))....,TAGCCTTTCTGCTATTCCTTGTT,0.292928
15105,15160,CACCGUAGCUGGUGUCUCUAUCUGUAGUACUAUGACCAAUAGACAGUUUCAUCAAA,(((((....))))).......((((....((((.....))))))))..........,TCTGTAGTACTATGAC,0.290569
29670,29727,CAUAGCAAUCUUUAAUCAGUGUGUAACAUUAGGGAGGACUUGAAAGAGCCACCACAUU,...........(((((..((.....)))))))((.((.(((....))))).)).....,GTGTAACATTAGGGAGGA,0.286360
12772,12827,AGCUUACUACAACACAACAAAGGGAGGUAGGUUUGUACUUGCACUGUUAUCCGAUU,((((((((....(........)...))))))))(((....))).............,AGGGAGGTAGGTTTGT,0.276181
29767,29877,AACAAUGCUAGGGAGAGCUGCCUAUAUGGAAGAGCCCUAAUGUGUAAAAUUAAUUUUAGUAGUGCUAUCCCCAUGUGAUUUUAAUAGCUUCUUAGGAGAAUGACAAAAAAA,..........((((.(((((.((......................((((....))))))))..))).)))).................((((....))))...........,CCTATATGGAAGAGCCCTAATGTGTAAAATTAATTTTAGTAGTGCTATCCCCATGTGATTTTAATAGCTTC,0.273995
15051,15118,UACUAUAACUCAAAUGAAUCUUAAGUAUGCCAUUAGUGCAAAGAAUAGAGCUCGCACCGUAGCUGGUG,..........(....)..((((..((((.......)))).))))...(....).(((((....))))),TTAAGTATGCCATTAGTGCAAAGAATAG,0.265597
10465,10526,GGGUUCAUUCCUUAAUGGUUCAUGUGGUAGUGUUGGUUUUAACAUAGAUUAUGACUGUGUCU,(((......)))....((.((((......((((((....)))))).....))))))......,CATGTGGTAGTGTTGGTTTTAA,0.262959
12154,12208,UUAUGAGCAGGCUGUUGCUAAUGGUGAUUCUGAAGUUGUUCUUAAAAAGUUGAAG,((((.(((((....))))).))...........((.....)).))..........,ATGGTGATTCTGAAG,0.247870
28654,28708,AGACGGCAUCAUAUGGGUUGCAACUGAGGGAGCCUUGAAUACACCAAAAGAUCAC,....(((.((.....((((..))))....))))).((.......)).........,CAACTGAGGGAGCCT,0.236640
14679,14737,UAAUUUUAACAAAGACUUCUAUGACUUUGCUGUGUCUAAGGGUUUCUUUAAGGAAGGAA,..............(((.((..(((........)))..)))))((((((....)))))),ATGACTTTGCTGTGTCTAA,0.235311
17121,17176,AGCUCUCUACUACCCUUCUGCUCGCAUAGUGUAUACAGCUUGCUCUCAUGCCGCUG,...................((..((((((.(((.......))).)).)))).))..,CTCGCATAGTGTATAC,0.230193
17727,17785,AGAAUUCCUUACACGUAACCCUGCUUGGAGAAAAGCUGUCUUUAUUUCACCUUAUAAUU,......................((((......)))).......................,CTGCTTGGAGAAAAGCTGT,0.192645
9569,9623,CCUGGUGUUUAUUCUGUUAUUUACUUGUACUUGACAUUUUAUCUUACUAAUGAUG,....(((.........((..............)))))...(((........))).,TTACTTGTACTTGAC,0.142360
