0,119,AUUAAAGGUUUAUACCUUCCCAGGUAACAAACCAACCAACUUUCGAUCUCUUGUAGAUCUGUUCUCUAAACGAACUUUAAAAUCUGUGUGGCUGUCACUCGGCUGCAUGCUUAGUGCACU,......(((((.(((((....)))))..)))))...........(((((.....))))).((((.......))))..........(((..((((.....))))..)))((.....))...,-2.130000,0.654132
40,157,UUUCGAUCUCUUGUAGAUCUGUUCUCUAAACGAACUUUAAAAUCUGUGUGGCUGUCACUCGGCUGCAUGCUUAGUGCACUCACGCAGUAUAAUUAAUAACUAAUUACUGUCGUUGACA,....(((((.....))))).........(((((..........(((((((..((.((((.(((.....))).))))))..)))))))..((((((.....))))))...)))))....,-2.910000,0.998151
80,197,AAUCUGUGUGGCUGUCACUCGGCUGCAUGCUUAGUGCACUCACGCAGUAUAAUUAAUAACUAAUUACUGUCGUUGACAGGACACGAGUAACUCGUCUAUCUUCUGCAGGCUGCUUACG,...(((((((..((.((((.(((.....))).))))))..)))))))..((((((.....))))))..((.(((..(((((.(((((...))))).....)))))..))).)).....,-0.800000,0.989529
120,237,CACGCAGUAUAAUUAAUAACUAAUUACUGUCGUUGACAGGACACGAGUAACUCGUCUAUCUUCUGCAGGCUGCUUACGGUUUCGUCCGUGUUGCAGCCGAUCAUCAGCACAUCUAGGU,...((((((..((((.....)))))))))).((((((((((.(((((...))))).....)))))..((((((.(((((......)))))..)))))).....)))))..........,-2.330000,0.989119
158,277,GGACACGAGUAACUCGUCUAUCUUCUGCAGGCUGCUUACGGUUUCGUCCGUGUUGCAGCCGAUCAUCAGCACAUCUAGGUUUCGUCCGGGUGUGACCGAAAGGUAAGAUGGAGAGCCUUG,.....((((...(((.((((((((.....((((((.(((((......)))))..)))))).........(((((((.((......)))))))))(((....)))))))))))))).)))),-2.870000,0.995523
318,437,GCCUGUUUUACAGGUUCGCGACGUGCUCGUACGUGGCUUUGGAGACUCCGUGGAGGAGGUCUUAUCAGAGGCACGUCAACAUCUUAAAGAUGGCACUUGUGGCUUAGUAGAAGUUGAAAA,.....((((((((((.(((((.((((..(.(((((.(((((((((((((.....))).)))))..))))).))))))..((((.....))))))))))))))))).))))))........,-2.560000,0.632105
398,517,AUCUUAAAGAUGGCACUUGUGGCUUAGUAGAAGUUGAAAAAGGCGUUUUGCCUCAACUUGAACAGCCCUAUGUGUUCAUCAAACGUUCGGAUGCUCGAACUGCACCUCAUGGUCAUGUUA,........((((((((.((.((((..((..(((((((....(((.....))))))))))..)))))).)).))).))))).(((((((((....))))))((.(((....))))).))).,-1.660000,0.621726
638,757,AGAACGGUAAUAAAGGAGCUGGUGGCCAUAGUUACGGCGCCGAUCUAAAGUCAUUUGACUUAGGCGACGAGCUUGGCACUGAUCCUUAUGAAGAUUUUCAAGAAAACUGGAACACUAAAC,....((((....(((((..(((((.(((.((((.((.((((......(((((....))))).)))).)))))))))))))).))))).((((....)))).....))))...........,-2.150000,0.682640
718,837,GAUCCUUAUGAAGAUUUUCAAGAAAACUGGAACACUAAACAUAGCAGUGGUGUUACCCGUGAACUCAUGCGUGAGCUUAACGGAGGGGCAUACACUCGCUAUGUCGAUAACAACUUCUGU,.........((((..(((((.......)))))......(((((((((((((((..(((((...((((....))))....)))).)..)))).)))).))))))).........))))...,-1.760000,0.874702
838,957,GGCCCUGAUGGCUACCCUCUUGAGUGCAUUAAAGACCUUCUAGCACGUGCUGGUAAAGCUUCAUGCACUUUGUCCGAACAACUGGACUUUAUUGACACUAAGAGGGGUGUAUACUGCUGC,((((.....)))).(((((((((((((((..(((.....(((((....))))).....))).)))))))).(((((......)))))............)))))))..............,-2.330000,0.683093
918,1037,ACUGGACUUUAUUGACACUAAGAGGGGUGUAUACUGCUGCCGUGAACAUGAGCAUGAAAUUGCUUGGUACACGGAACGUUCUGAAAAGAGCUAUGAAUUGCAGACACCUUUUGAAAUUAA,.....................(((((((((...((((..(((((.((.((((((......)))))))).)))))...(((((....)))))........)))))))))))))........,-4.380000,0.999392
1118,1237,AACCAAGGGUUGAAAAGAAAAAGCUUGAUGGCUUUAUGGGUAGAAUUCGAUCUGUCUAUCCAGUUGCGUCACCAAAUGAAUGCAACCAAAUGUGCCUUUCAACUCUCAUGAAGUGUGAUC,......(((((((((....((((((....)))))).((((((((..........))))))))(((((((((.....)).)))))))..........)))))))))((((.....))))..,-1.940000,0.818421
1158,1277,UAGAAUUCGAUCUGUCUAUCCAGUUGCGUCACCAAAUGAAUGCAACCAAAUGUGCCUUUCAACUCUCAUGAAGUGUGAUCAUUGUGGUGAAACUUCAUGGCAGACGGGCGAUUUUGUUAA,..(((.(((.(((((((.....(((((((((.....)).)))))))...................(((((((((.(.(((.....))).).))))))))).)))))))))).))).....,-1.290000,0.878661
1198,1317,UGCAACCAAAUGUGCCUUUCAACUCUCAUGAAGUGUGAUCAUUGUGGUGAAACUUCAUGGCAGACGGGCGAUUUUGUUAAAGCCACUUGCGAAUUUUGUGGCACUGAGAAUUUGACUAAA,......((((((((((...(((....((((((((.(.(((.....))).).))))))))((((...(((............)))..)))).....))).))))).....)))))......,-0.420000,0.909890
1238,1357,AUUGUGGUGAAACUUCAUGGCAGACGGGCGAUUUUGUUAAAGCCACUUGCGAAUUUUGUGGCACUGAGAAUUUGACUAAAGAAGGUGCCACUACUUGUGGUUACUUACCCCAAAAUGCUG,.((((.((((....)))).))))...(((.((((((.....(((((...........)))))....................(((((((((.....)))).)))))....))))))))).,-0.750000,0.980858
1558,1677,GGUUGUAACCAUACAGGUGUUGUUGGAGAAGGUUCCGAAGGUCUUAAUGACAACCUUCUUGAAAUACUCCAAAAAGAGAAAGUCAACAUCAAUAUUGUUGGUGACUUUAAACUUAAUGAA,(((....))).....((.((..((.(((((((((......(((.....)))))))))))).))..)).))...(((..(((((((.((.((....)).)).)))))))...)))......,-1.180000,0.940685
1598,1717,GUCUUAAUGACAACCUUCUUGAAAUACUCCAAAAAGAGAAAGUCAACAUCAAUAUUGUUGGUGACUUUAAACUUAAUGAAGAGAUCGCCAUUAUUUUGGCAUCUUUUUCUGCUUCCACAA,(((.....)))...((((((((....(((......)))(((((((.((.((....)).)).)))))))....)))).))))((((.((((......))))))))................,-2.000000,0.955398
1638,1757,AGUCAACAUCAAUAUUGUUGGUGACUUUAAACUUAAUGAAGAGAUCGCCAUUAUUUUGGCAUCUUUUUCUGCUUCCACAAGUGCUUUUGUGGAAACUGUGAAAGGUUUGGAUUAUAAAGC,...(((((.......)))))((((.(((((((((...((((((((.((((......))))))))))))....(((((((((....)))))))))........))))))))))))).....,-2.860000,0.780193
1718,1837,GUGCUUUUGUGGAAACUGUGAAAGGUUUGGAUUAUAAAGCAUUCAAACAAAUUGUUGAAUCCUGUGGUAAUUUUAAAGUUACAAAAGGAAAAGCUAAAAAAGGUGCCUGGAAUAUUGGUG,...((((..((....).)..))))((((((((........)))))))).....(((...((((...((((((....))))))...))))..)))..........(((.........))).,-0.710000,0.680618
2118,2237,CACUGUUUAUGAAAAACUCAAACCCGUCCUUGAUUGGCUUGAAGAGAAGUUUAAGGAAGGUGUAGAGUUUCUUAGAGACGGUUGGGAAAUUGUUAAAUUUAUCUCAACCUGUGCUUGUGA,(((.((((.(((.((((((..(((..(((((((...((((......))))))))))).)))...)))))).))).))))((((((((((((....))))..)))))))).......))).,-2.750000,0.947794
2158,2277,GAAGAGAAGUUUAAGGAAGGUGUAGAGUUUCUUAGAGACGGUUGGGAAAUUGUUAAAUUUAUCUCAACCUGUGCUUGUGAAAUUGUCGGUGGACAAAUUGUCACCUGUGCAAAGGAAAUU,........((((.((((((.(....).))))))..))))((((((((((((....))))..))))))))((..(..((((..(((((....)))))....))))..)..)).........,-1.620000,0.993480
2318,2437,UUUUGGCUUUGUGUGCUGACUCUAUCAUUAUUGGUGGAGCUAAACUUAAAGCCUUGAAUUUAGGUGAAACAUUUGUCACGCACUCAAAGGGAUUGUACAGAAAGUGUGUUAAAUCCAGAG,......(((((.(((((((((((((((....))))))).....(((((((........))))))).........)))).)))).)))))(((((.((((.....))))...)))))....,-2.110000,0.583913
2478,2585,AAUUAUCUUCUUAGAGGGAGAAACACUUCCCACAGAAGUGUUAACAGAGGAAGUUGUCUUGAAAACUGGUGAUUUACAACCAUUAGAACAACCUACUAGUGAAGCUGU,.....((((((....))))))((((((((.....))))))))..((.((...(((((..(((....((((........)))))))..)))))...))..)).......,-0.410000,0.665554
2518,2625,UUAACAGAGGAAGUUGUCUUGAAAACUGGUGAUUUACAACCAUUAGAACAACCUACUAGUGAAGCUGUUGAAGCUCCAUUGGUUGGUACACCAGUUUGUAUUAACGGG,............((((......(((((((((.((((.......))))...(((.(((((((.((((.....)))).))))))).))).)))))))))....))))...,-1.930000,0.982422
2706,2822,ACUCAAAGGCGGUGCACCAACAAAGGUUACUUUUGGUGAUGACACUGUGAUAGAAGUGCAAGGUUACAAGAGUGUGAAUAUCACUUUUGAACUUGAUGAAAGGAUUGAUAAAGUACU,........((((((((((((..(((....)))))))))....))))))......(((((.(((((.((((((((.......)))))))))))))(((......)))......))))),-1.350000,0.529533
2743,2862,GAUGACACUGUGAUAGAAGUGCAAGGUUACAAGAGUGUGAAUAUCACUUUUGAACUUGAUGAAAGGAUUGAUAAAGUACUUAAUGAGAAGUGCUCUGCCUAUACAGUUGAACUCGGUACA,......((((((.(((....((((((((.((((((((.......))))))))))))).................(((((((......))))))).)))))))))))).............,-0.520000,0.705748
2903,3022,UAAAAACUUUGCAACCAGUAUCUGAAUUACUUACACCACUGGGCAUUGAUUUAGAUGAGUGGAGUAUGGCUACAUACUACUUAUUUGAUGAGUCUGGUGAGUUUAAAUUGGCUUCACAUA,..............((((((.......)))(((.(((((..(((.((...((((((((((..((((((....)))))))))))))))).)))))..))).)).)))..))).........,-0.970000,0.991278
2943,3062,GGGCAUUGAUUUAGAUGAGUGGAGUAUGGCUACAUACUACUUAUUUGAUGAGUCUGGUGAGUUUAAAUUGGCUUCACAUAUGUAUUGUUCUUUCUACCCUCCAGAUGAGGAUGAAGAAGA,..((((((..((((((((((..((((((....))))))))))))))))((((.(..((........))..).)))))).))))....((((((....((((.....))))..))))))..,-0.320000,0.993949
3094,3210,UCAACUCAAUAUGAGUAUGGUACUGAAGAUGAUUACCAAGGUAAACCUUUGGAAUUUGGUGCCACUUCUGCUGCUCUUCAACCUGAAGAAGAGCAAGAAGAAGAUUGGUUAGAUGAU,(((((((.....)))).((((((..((........((((((.....))))))..))..))))))(((((..((((((((........))))))))...)))))..........))).,-3.590000,0.892363
3371,3490,ACAAUGUAUACAUUAAAAAUGCAGACAUUGUGGAAGAAGCUAAAAAGGUAAAACCAACAGUGGUUGUUAAUGCAGCCAAUGUUUACCUUAAACAUGGAGGAGGUGUUGCAGGAGCCUUAA,(((((((...(((.....)))...))))))).......(((......((((.(((((((.(((((((....))))))).))))..((((.......)))).))).))))...))).....,-1.860000,0.510615
3491,3607,AUAAGGCUACUAACAAUGCCAUGCAAGUUGAAUCUGAUGAUUACAUAGCUACUAAUGGACCACUUAAAGUGGGUGGUAGUUGUGUUUUAAGCGGACACAAUCUUGCUAAACACUGUC,....(((..........)))..((((((((..((((...(..((((((((((((.....((((.....)))).))))))))))))..)...))))..))).)))))...........,-3.580000,0.520109
3808,3897,CUCUAUGACAAACUUGUUUCAAGCUUUUUGGAAAUGAAGAGUGAAAAGCAAGUUGAACAAAAGAUCGCUGAGAUUCCUAAAGAGGAAGUU,(((..(((..(((((((((...(((((((......)))))))...)))))))))..........)))..))).(((((....)))))...,-1.320000,0.982936
4054,4173,CAUCCAGAUUCUGCCACUCUUGUUAGUGACAUUGACAUCACUUUCUUAAAGAAAGAUGCUCCAUAUAUAGUGGGUGAUGUUGUUCAAGAGGGUGUUUUAACUGCUGUGGUUAUACCUACU,....(((.....(((.((((((..((..(((((.......(((((.....)))))..((.((((.....)))))))))))..))))))))))).......)))..((((......)))).,-0.020000,0.840819
4094,4213,CUUUCUUAAAGAAAGAUGCUCCAUAUAUAGUGGGUGAUGUUGUUCAAGAGGGUGUUUUAACUGCUGUGGUUAUACCUACUAAAAAGGCUGGUGGCACUACUGAAAUGCUAGCGAAAGCUU,..(((((.((.((...(((.((((.....)))))))...)).)).)))))(((((((((......(((((..((((..((.....))..))))..))))))))))))))(((....))).,0.400000,0.957563
4134,4253,UGUUCAAGAGGGUGUUUUAACUGCUGUGGUUAUACCUACUAAAAAGGCUGGUGGCACUACUGAAAUGCUAGCGAAAGCUUUGAGAAAAGUGCCAACAGACAAUUAUAUAACCACUUACCC,.........(((((...........((((((((((((.......)))(((.(((((((.((.((.....(((....))))).))...))))))).))).......))))))))).))))),-2.680000,0.879596
4174,4293,AAAAAGGCUGGUGGCACUACUGAAAUGCUAGCGAAAGCUUUGAGAAAAGUGCCAACAGACAAUUAUAUAACCACUUACCCGGGUCAGGGUUUAAAUGGUUACACUGUAGAGGAGGCAAAG,.....(.(((.(((((((.((.((.....(((....))))).))...))))))).))).)..(((((((((((...((((......)))).....))))))...)))))...........,-1.330000,0.993293
4214,4333,UGAGAAAAGUGCCAACAGACAAUUAUAUAACCACUUACCCGGGUCAGGGUUUAAAUGGUUACACUGUAGAGGAGGCAAAGACAGUGCUUAAAAAGUGUAAAAGUGCCUUUUACAUUCUAC,..((((.((((................((((((...((((......)))).....))))))))))(((((..(((((...(((.(........).))).....)))))))))).))))..,-0.390000,0.940291
4294,4413,ACAGUGCUUAAAAAGUGUAAAAGUGCCUUUUACAUUCUACCAUCUAUUAUCUCUAAUGAGAAGCAAGAAAUUCUUGGAACUGUUUCUUGGAAUUUGCGAGAAAUGCUUGCACAUGCAGAA,.............((((((((((...))))))))))......(((....((((....)))).(((..(((((((.((((....)))).)))))))(((((.....)))))...)))))).,-1.180000,0.800059
4414,4533,GAAACACGCAAAUUAAUGCCUGUCUGUGUGGAAACUAAAGCCAUAGUUUCAACUAUACAGCGUAAAUAUAAGGGUAUUAAAAUACAAGAGGGUGUGGUUGAUUAUGGUGCUAGAUUUUAC,....((((((.((........)).))))))(((((((..(((((((..((((((((((...((((((((....)))))....)))......)))))))))))))))))..))).))))..,-1.710000,0.855431
4534,4653,UUUUACACCAGUAAAACAACUGUAGCGUCACUUAUCAACACACUUAACGAUCUAAAUGAAACUCUUGUUACAAUGCCACUUGGCUAUGUAACACAUGGCUUAAAUUUGGAAGAAGCUGCU,((((((....)))))).....(((((.((.....((............))(((((((..((..(.(((((((..(((....)))..)))))))...)..))..))))))).)).))))).,-2.050000,0.989509
4574,4693,CACUUAACGAUCUAAAUGAAACUCUUGUUACAAUGCCACUUGGCUAUGUAACACAUGGCUUAAAUUUGGAAGAAGCUGCUCGGUAUAUGAGAUCUCUCAAAGUGCCAGCUACAGUUUCUG,..........(((((((..((..(.(((((((..(((....)))..)))))))...)..))..)))))))((((((((((.(((((.((((....))))..))))))))...))))))).,-3.730000,0.971002
4814,4930,CUGGACAAUCUACACAACUAGGUAUAGAAUUUCUUAAGAGAGGUGAUAAAAGUGUAUAUUACACUAGUAAUCCUACCACAUUCCACCUAGAUGGUGAAGUUAUCACCUUUGACAAUC,..(((.(.((((.((......)).)))).).)))....(((((((((((.((((((...))))))..................((((.....))))...))))))))))).......,-1.230000,0.513703
4931,5050,UUAAGACACUUCUUUCUUUGAGAGAAGUGAGGACUAUUAAGGUGUUUACAACAGUAGACAACAUUAACCUCCACACGCAAGUUGUGGACAUGUCAAUGACAUAUGGACAACAGUUUGGUC,......((((((((((...))))))))))..(((((((((..(((((((....)))))))...))))(((((((((....).)))))).(((((...)))))..)).........))))),-3.340000,0.500000
4971,5090,GGUGUUUACAACAGUAGACAACAUUAACCUCCACACGCAAGUUGUGGACAUGUCAAUGACAUAUGGACAACAGUUUGGUCCAACUUAUUUGGAUGGAGCUGAUGUUACUAAAAUAAAACC,(((((((((....))))))(((((...(((((((((....).)))))).(((((...)))))..))....((((((.((((((.....)))))).)))))))))))...........))),-3.720000,0.932456
5011,5130,GUUGUGGACAUGUCAAUGACAUAUGGACAACAGUUUGGUCCAACUUAUUUGGAUGGAGCUGAUGUUACUAAAAUAAAACCUCAUAAUUCACAUGAAGGUAAAACAUUUUAUGUUUUACCU,..((((((.(((((...)))))...((((.((((((.((((((.....)))))).)))))).))))....................))))))...(((((((((((...))))))))))),-4.190000,0.962816
5051,5170,CAACUUAUUUGGAUGGAGCUGAUGUUACUAAAAUAAAACCUCAUAAUUCACAUGAAGGUAAAACAUUUUAUGUUUUACCUAAUGAUGACACUCUACGUGUUGAGGCUUUUGAGUACUACC,..(((((...((.((((((....))).)))........((((........(((..(((((((((((...))))))))))).)))..(((((.....)))))))))))..)))))......,-2.830000,0.850764
5091,5210,UCAUAAUUCACAUGAAGGUAAAACAUUUUAUGUUUUACCUAAUGAUGACACUCUACGUGUUGAGGCUUUUGAGUACUACCACACAACUGAUCCUAGUUUUCUGGGUAGGUACAUGUCAGC,..........(((..(((((((((((...))))))))))).))).((((((((........)))........((((((((.((.(((((....)))))...)))))).)))).)))))..,-2.190000,0.741025
5211,5330,AUUAAAUCACACUAAAAAGUGGAAAUACCCACAAGUUAAUGGUUUAACUUCUAUUAAAUGGGCAGAUAACAACUGUUAUCUUGCCACUGCAUUGUUAACACUCCAACAAAUAGAGUUGAA,.........((.(((...((((......))))...))).)).(((((((.(((((.....((((((((((....)))))).)))).......((((........)))))))))))))))),-2.760000,0.997857
5251,5370,GGUUUAACUUCUAUUAAAUGGGCAGAUAACAACUGUUAUCUUGCCACUGCAUUGUUAACACUCCAACAAAUAGAGUUGAAGUUUAAUCCACCUGCUCUACAAGAUGCUUAUUACAGAGCA,((...((((((.(((.....((((((((((....)))))).)))).(((..(((((........))))).)))))).))))))....))....(((((..((........))..))))).,-2.280000,0.911794
5291,5410,UUGCCACUGCAUUGUUAACACUCCAACAAAUAGAGUUGAAGUUUAAUCCACCUGCUCUACAAGAUGCUUAUUACAGAGCAAGGGCUGGUGAAGCUGCUAACUUUUGUGCACUUAUCUUAG,.......(((((((((........)))))..(((((((.(((((....((((.(((((......(((((......)))))))))).)))))))))..)))))))..))))..........,-0.100000,0.605953
5331,5450,GUUUAAUCCACCUGCUCUACAAGAUGCUUAUUACAGAGCAAGGGCUGGUGAAGCUGCUAACUUUUGUGCACUUAUCUUAGCCUACUGUAAUAAGACAGUAGGUGAGUUAGGUGAUGUUAG,........((((.(((((......(((((......)))))))))).))))......(((((.......((((((.((((.((((((((......)))))))))))).))))))..))))),-2.530000,0.990115
5451,5570,AGAAACAAUGAGUUACUUGUUUCAACAUGCCAAUUUAGAUUCUUGCAAAAGAGUCUUGAACGUGGUGUGUAAAACUUGUGGACAACAGCAGACAACCCUUAAGGGUGUAGAAGCUGUUAU,.(((((((........))))))).((((((((....((((((((....))))))))......)))))))).............((((((..(((.(((....))))))....))))))..,-3.540000,0.630850
5651,5770,AUCUAGUACAACAGGAGUCACCUUUUGUUAUGAUGUCAGCACCACCUGCUCAGUAUGAACUUAAGCAUGGUACAUUUACUUGUGCUAGUGAGUACACUGGUAAUUACCAGUGUGGUCACU,...((((((((((((((....))))))))..(((((....((((..((((.(((....)))..))))))))))))).....))))))((((.(((((((((....))))))))).)))).,-2.770000,0.992205
5691,5810,ACCACCUGCUCAGUAUGAACUUAAGCAUGGUACAUUUACUUGUGCUAGUGAGUACACUGGUAAUUACCAGUGUGGUCACUAUAAACAUAUAACUUCUAAAGAAACUUUGUAUUGCAUAGA,...(((((((.(((....)))..)))).)))........((((((((((((.(((((((((....))))))))).)))))).....((((((.(((....)))...)))))).)))))).,-3.180000,0.930623
5731,5850,UGUGCUAGUGAGUACACUGGUAAUUACCAGUGUGGUCACUAUAAACAUAUAACUUCUAAAGAAACUUUGUAUUGCAUAGACGGUGCUUUACUUACAAAGUCCUCAGAAUACAAAGGUCCU,(((..((((((.(((((((((....))))))))).))))))...))).................(((((((((.(...((.((.(((((......))))))))).)))))))))).....,-3.510000,0.866626
6011,6130,CAAACCAACCAUAUCCAAACGCAAGCUUCGAUAAUUUUAAGUUUGUAUGUGAUAAUAUCAAAUUUGCUGAUGAUUUAAACCAGUUAACUGGUUAUAAGAAACCUGCUUCAAGAGAGCUUA,...........((((((...((((((((.((....)).)))))))).)).)))).(((((.......))))).....((((((....))))))...........((((.....))))...,-1.250000,0.784693
6091,6210,CAGUUAACUGGUUAUAAGAAACCUGCUUCAAGAGAGCUUAAAGUUACAUUUUUCCCUGACUUAAAUGGUGAUGUGGUGGCUAUUGAUUAUAAACACUACACACCCUCUUUUAAGAAAGGA,..((.((((((((......)))).((((.....))))....)))))).......(((..((((((.((((.(((((((..(((.....)))..)))))))))))....))))))..))).,-2.570000,0.939160
6131,6250,AAGUUACAUUUUUCCCUGACUUAAAUGGUGAUGUGGUGGCUAUUGAUUAUAAACACUACACACCCUCUUUUAAGAAAGGAGCUAAAUUGUUACAUAAACCUAUUGUUUGGCAUGUUAACA,..(((((((.....(((..((((((.((((.(((((((..(((.....)))..)))))))))))....))))))..))).(((((((.(((.....))).....)))))))))).)))).,-3.290000,0.569246
6211,6330,GCUAAAUUGUUACAUAAACCUAUUGUUUGGCAUGUUAACAAUGCAACUAAUAAAGCCACGUAUAAACCAAAUACCUGGUGUAUACGUUGUCUUUGGAGCACAAAACCAGUUGAAACAUCA,(((..((((((((((...((........)).))).)))))))........((((((.(((((((.((((......)))).))))))).).))))).))).....................,-1.030000,0.997502
6251,6370,AUGCAACUAAUAAAGCCACGUAUAAACCAAAUACCUGGUGUAUACGUUGUCUUUGGAGCACAAAACCAGUUGAAACAUCAAAUUCGUUUGAUGUACUGAAGUCAGAGGACGCGCAGGGAA,.(((......((((((.(((((((.((((......)))).))))))).).)))))..((.......((((....((((((((....))))))))))))..(((....)))))))).....,-2.520000,0.998504
6411,6530,AGAAGUAGUGGAAAAUCCUACCAUACAGAAAGACGUUCUUGAGUGUAAUGUGAAAACUACCGAAGUUGUAGGAGACAUUAUACUUAAACCAGCAAAUAAUAGUUUAAAAAUUACAGAAGA,....(((((((.....))................(((.(((((((((((((.....((((.......))))...)))))))))))))...)))................)))))......,-1.100000,0.922381
6451,6570,GAGUGUAAUGUGAAAACUACCGAAGUUGUAGGAGACAUUAUACUUAAACCAGCAAAUAAUAGUUUAAAAAUUACAGAAGAGGUUGGCCACACAGAUCUAAUGGCUGCUUAUGUAGACAAU,(((((((((((.....((((.......))))...))))))))))).........................(((((....((((.(((((...........))))))))).))))).....,-0.830000,0.980693
6611,6730,UAUUAGGUUUGAAAACCCUUGCUACUCAUGGUUUAGCUGCUGUUAAUAGUGUCCCUUGGGAUACUAUAGCUAAUUAUGCUAAGCCUUUUCUUAACAAAGUUGUUAGUACAACUACUAACA,.....((((....))))............((((((((....((((.((((((((....)))))))))))).......))))))))...............((((((((....)))))))),-2.940000,0.720674
6971,7090,UAAGUGUUUGCCUAGGUUCUUUAAUCUACUCAACCGCUGCUUUAGGUGUUUUAAUGUCUAAUUUAGGCAUGCCUUCUUACUGUACUGGUUACAGAGAAGGCUAUUUGAACUCUACUAAUG,..((((.(((..((((((....))))))..))).))))....((((.((((..(((((((...)))))))(((((((..(((((.....)))))))))))).....))))))))......,-1.900000,0.963217
7011,7130,UUUAGGUGUUUUAAUGUCUAAUUUAGGCAUGCCUUCUUACUGUACUGGUUACAGAGAAGGCUAUUUGAACUCUACUAAUGUCACUAUUGCAACCUACUGUACUGGUUCUAUACCUUGUAG,..(((((((..(((((((((...)))))))(((((((..(((((.....)))))))))))).......................))..)).)))))...(((.(((.....)))..))).,-1.360000,0.998876
7051,7170,UGUACUGGUUACAGAGAAGGCUAUUUGAACUCUACUAAUGUCACUAUUGCAACCUACUGUACUGGUUCUAUACCUUGUAGUGUUUGUCUUAGUGGUUUAGAUUCUUUAGACACCUAUCCU,(((.(((....))).(((((..((((((((...((....))(((((..(((((((((......(((.....)))..)))).).))))..))))))))))))))))))..)))........,0.990000,0.995968
7131,7250,UGUUUGUCUUAGUGGUUUAGAUUCUUUAGACACCUAUCCUUCUUUAGAAACUAUACAAAUUACCAUUUCAUCUUUUAAAUGGGAUUUAACUGCUUUUGGCUUAGUUGCAGAGUGGUUUUU,.((((((..((((.(((((((...)))))))..(((........)))..)))).))))))..((((((........)))))).....(((..(((...((......)).)))..)))...,-0.120000,0.991980
7171,7290,UCUUUAGAAACUAUACAAAUUACCAUUUCAUCUUUUAAAUGGGAUUUAACUGCUUUUGGCUUAGUUGCAGAGUGGUUUUUGGCAUAUAUUCUUUUCACUAGGUUUUUCUAUGUACUUGGA,...(((((((((((..(((((.((((((........)))))))))))..((((..(((...)))..)))).)))))))))))...............((((((..........)))))).,-0.530000,0.945279
7451,7570,GUUAUGUGCAUGUUGUAGACGGUUGUAAUUCAUCAACUUGUAUGAUGUGUUACAAACGUAAUAGAGCAACAAGAGUCGAAUGUACAACUAUUGUUAAUGGUGUUAGAAGGUCCUUUUAUG,....((((((((((((..(((.(((((((.(((((.......))))).))))))).)))......)))))).........))))))(((((.....)))))..((((((...))))))..,0.000000,0.685252
7771,7890,CUUUACUUUGAUAAAGCUGGUCAAAAGACUUAUGAAAGACAUUCUCUCUCUCAUUUUGUUAACUUAGACAACCUGAGAGCUAAUAACACUAAAGGUUCAUUGCCUAUUAAUGUUAUAGUU,.....((((.((((..((.......))..)))).)))).........((((((..(((((......)))))..))))))...((((((.(((((((.....)))).))).))))))....,-1.930000,0.967397
8091,8210,CAAAACACUAGUUGCAACUGCAGAAGCUGAACUUGCAAAGAAUGUGUCCUUAGACAAUGUCUUAUCUACUUUUAUUUCAGCAGCUCGGCAAGGGUUUGUUGAUUCAGAUGUAGAAACUAA,........(((((((((...(((...)))...)))).((((...((((....))))...)))).(((((.(((...((((((((((.....))).)))))))...))).)))))))))).,-0.830000,0.885543
8131,8250,AAUGUGUCCUUAGACAAUGUCUUAUCUACUUUUAUUUCAGCAGCUCGGCAAGGGUUUGUUGAUUCAGAUGUAGAAACUAAAGAUGUUGUUGAAUGUCUUAAAUUGUCACAUCAAUCUGAC,.(((((.(....(((((((((((.(((((.(((...((((((((((.....))).)))))))...))).))))).....))))))))))).(((.......)))).))))).........,-0.860000,0.805837
8291,8410,CCUAUAACAAAGUUGAAAACAUGACACCCCGUGACCUUGGUGCUUGUAUUGACUGUAGUGCGCGUCAUAUUAAUGCGCAGGUAGCAAAAAGUCACAACAUUGCUUUGAUAUGGAACGUUA,.(((((.((((((((.......(......)(((((.(((.(((((((((((....))))))(((.(((....))))))))))).)))...)))))..))..)))))).))))).......,-0.540000,0.500000
8690,8809,ACAAGGCUAUUGAUGGUGGUGUCACUCGUGACAUAGCAUCUACAGAUACUUGUUUUGCUAACAAACAUGCUGAUUUUGACACAUGGUUUAGCCAGCGUGGUGGUAGUUAUACUAAUGACA,(((((.((...((((.((.(((((....))))))).))))...))...)))))..(((((.....(((((((.....(((.....)))....))))))).)))))(((((....))))).,-0.490000,0.858918
8810,8929,AAGCUUGCCCAUUGAUUGCUGCAGUCAUAACAAGAGAAGUGGGUUUUGUCGUGCCUGGUUUGCCUGGCACGAUAUUACGCACAACUAAUGGUGACUUUUUGCAUUUCUUACCUAGAGUUU,((((((.......((.(((...((((((......((..(((.((..(((((((((.((....)).)))))))))..)).)))..))....))))))....)))..)).......)))))),-3.510000,0.566089
8850,8969,GGGUUUUGUCGUGCCUGGUUUGCCUGGCACGAUAUUACGCACAACUAAUGGUGACUUUUUGCAUUUCUUACCUAGAGUUUUUAGUGCAGUUGGUAACAUCUGUUACACACCAUCAAAACU,(.((..(((((((((.((....)).)))))))))..)).).......((((((.....(((((((....((.....))....)))))))...(((((....))))).)))))).......,-4.030000,0.807640
9210,9329,GUACUGUAGGCACGGCACUUGUGAAAGAUCAGAAGCUGGUGUUUGUGUAUCUACUAGUGGUAGAUGGGUACUUAACAAUGAUUAUUACAGAUCUUUACCAGGAGUUUUCUGUGGUGUAGA,(((((.(((((((.(..(((.(((....))).))).).)))))))..(((((((.....))))))))))))...........(((((((((.((((....))))...)))))))))....,-0.310000,0.939291
9250,9369,GUUUGUGUAUCUACUAGUGGUAGAUGGGUACUUAACAAUGAUUAUUACAGAUCUUUACCAGGAGUUUUCUGUGGUGUAGAUGCUGUAAAUUUACUUACUAAUAUGUUUACACCACUAAUU,(((...((((((((((....))).)))))))..)))..........(((((.((((....))))...)))))(((((((((...((((......))))......))))))))).......,-0.530000,0.934080
9370,9489,CAACCUAUUGGUGCUUUGGACAUAUCAGCAUCUAUAGUAGCUGGUGGUAUUGUAGCUAUCGUAGUAACAUGCCUUGCCUACUAUUUUAUGAGGUUUAGAAGAGCUUUUGGUGAAUACAGU,..(((....(((..(((((((...(((......((((((((....(((((.((.((((...)))).)))))))..).)))))))....))).)))))))...)))...))).........,0.800000,0.646920
9410,9529,CUGGUGGUAUUGUAGCUAUCGUAGUAACAUGCCUUGCCUACUAUUUUAUGAGGUUUAGAAGAGCUUUUGGUGAAUACAGUCAUGUAGUUGCCUUUAAUACUUUACUAUUCCUUAUGUCAU,..((((((((.((.((((...)))).)))))))..)))........(((((((..(((.((((..((.((..(.((((....)))).)..))...))..)))).)))..)))))))....,-1.740000,0.940215
9610,9729,CUUACUAAUGAUGUUUCUUUUUUAGCACAUAUUCAGUGGAUGGUUAUGUUCACACCUUUAGUACCUUUCUGGAUAACAAUUGCUUAUAUCAUUUGUAUUUCCACAAAGCAUUUCUAUUGG,.......(((.((((........))))))).....((((((......)))))).((..(((...((((.((((..((((.((.......)).))))...)))).)))).....)))..)),-0.850000,0.931826
10130,10249,CACUUAACGGUCUUUGGCUUGAUGACGUAGUUUACUGUCCAAGACAUGUGAUCUGCACCUCUGAAGACAUGCUUAACCCUAAUUAUGAAGAUUUACUCAUUCGUAAGUCUAAUCAUAAUU,.........(((((..((.....)..((((.((((((((...)))).)))).))))....)..)))))............((((((((((((((((......))))))))..)))))))),-2.640000,0.691677
10370,10489,UUCAACCAGGACAGACUUUUUCAGUGUUAGCUUGUUACAAUGGUUCACCAUCUGGUGUUUACCAAUGUGCUAUGAGGCCCAAUUUCACUAUUAAGGGUUCAUUCCUUAAUGGUUCAUGUG,((((..((((.(.(((.........))).))))).((((.((((.((((....))))...)))).))))...))))..........(((((((((((.....))))))))))).......,-0.960000,0.737955
10410,10529,UGGUUCACCAUCUGGUGUUUACCAAUGUGCUAUGAGGCCCAAUUUCACUAUUAAGGGUUCAUUCCUUAAUGGUUCAUGUGGUAGUGUUGGUUUUAACAUAGAUUAUGACUGUGUCUCUUU,((((.((((....))))...)))).........((((((((.....(((((((((((.....))))))))))).....)))((((..((((((......))))))..)))).)))))...,-2.320000,0.628032
10450,10569,AAUUUCACUAUUAAGGGUUCAUUCCUUAAUGGUUCAUGUGGUAGUGUUGGUUUUAACAUAGAUUAUGACUGUGUCUCUUUUUGUUACAUGCACCAUAUGGAAUUACCAACUGGAGUUCAU,......(((((((((((.....))))))))))).((((((((.((((........((((((.......))))))...........))))..))))))))(((((.((....)))))))..,-2.710000,0.626644
10850,10969,CUUCAUUAAAAGAAUUACUGCAAAAUGGUAUGAAUGGACGUACCAUAUUGGGUAGUGCUUUAUUAGAAGAUGAAUUUACACCUUUUGAUGUUGUUAGACAAUGCUCAGGUGUUACUUUCC,((((....((((.((((((.(((.((((((((......)))))))).))))))))).))))....))))..(((...((((((...(.(((((.....))))))..))))))....))).,-2.670000,0.920372
10930,11049,CCUUUUGAUGUUGUUAGACAAUGCUCAGGUGUUACUUUCCAAAGUGCAGUGAAAAGAACAAUCAAGGGUACACACCACUGGUUGUUACUCACAAUUUUGACUUCACUUUUAGUUUUAGUC,...((((((((((.....))))).)))))((..(((....((((((.(((.((((.((((((((..(((....)))..))))))))........)))).))).)))))).)))..))...,0.290000,0.849744
10970,11089,AAAGUGCAGUGAAAAGAACAAUCAAGGGUACACACCACUGGUUGUUACUCACAAUUUUGACUUCACUUUUAGUUUUAGUCCAGAGUACUCAAUGGUCUUUGUUCUUUUUUUUGUAUGAAA,...((((((.(((((((((((.((..(((....)))..))((((.(((((...(((..((((........))))..)))...)))))..)))).....))))))))))).))))))....,-1.440000,0.991784
11010,11129,GUUGUUACUCACAAUUUUGACUUCACUUUUAGUUUUAGUCCAGAGUACUCAAUGGUCUUUGUUCUUUUUUUUGUAUGAAAAUGCCUUUUUACCUUUUGCUAUGGGUAUUAUUGCUAUGUC,..((.(((((...(((..((((........))))..)))...)))))..))(((((................((((....)))).....(((((........))))).....)))))...,0.120000,0.921840
11050,11169,CAGAGUACUCAAUGGUCUUUGUUCUUUUUUUUGUAUGAAAAUGCCUUUUUACCUUUUGCUAUGGGUAUUAUUGCUAUGUCUGCUUUUGCAAUGAUGUUUGUCAAACAUAAGCAUGCAUUU,(((((.(((....))))))))..........((((((.....((..(..(((((........)))))..)..))(((((.(((....))).((((....)))).)))))..))))))...,-0.330000,0.976589
11090,11209,AUGCCUUUUUACCUUUUGCUAUGGGUAUUAUUGCUAUGUCUGCUUUUGCAAUGAUGUUUGUCAAACAUAAGCAUGCAUUUCUCUGUUUGUUUUUGUUACCUUCUCUUGCCACUGUAGCUU,.................(((((((.(((((((((...(....)....))))))))).......((((.(((((.(((......))).))))).))))..............)))))))..,-1.630000,0.954904
11210,11329,AUUUUAAUAUGGUCUAUAUGCCUGCUAGUUGGGUGAUGCGUAUUAUGACAUGGUUGGAUAUGGUUGAUACUAGUUUGUCUGGUUUUAAGCUAAAAGACUGUGUUAUGUAUGCAUCAGCUG,..........(((......)))........((.((((((((((.(((((((((((......(.((((.(((((.....))))).)))).).....))))))))))))))))))))).)).,-3.420000,0.558656
11650,11769,CUCUUUUGUUUACUCAACCGCUACUUUAGACUGACUCUUGGUGUUUAUGAUUACUUAGUUUCUACACAGGAGUUUAGAUAUAUGAAUUCACAGGGACUACUCCCACCCAAGAAUAGCAUA,...................((((.(((...((((((((((.(((....((((....))))...))))))))).))))...............((((....)))).....))).))))...,-0.160000,0.723781
11690,11809,GUGUUUAUGAUUACUUAGUUUCUACACAGGAGUUUAGAUAUAUGAAUUCACAGGGACUACUCCCACCCAAGAAUAGCAUAGAUGCCUUCAAACUCAACAUUAAAUUGUUGGGUGUUGGUG,(((((((((....(((.............(((((((......)))))))...((((....))))....))).....)))))))))..((((((((((((......)))))))).))))..,-1.170000,0.912616
11730,11849,UAUGAAUUCACAGGGACUACUCCCACCCAAGAAUAGCAUAGAUGCCUUCAAACUCAACAUUAAAUUGUUGGGUGUUGGUGGCAAACCUUGUAUCAAAGUAGCCACUGUACAGUCUAAAAU,...((....((((((.(((((......((((...........((((.((((((((((((......)))))))).)))).))))...))))......))))))).))))....))......,-1.590000,0.941927
11770,11889,GAUGCCUUCAAACUCAACAUUAAAUUGUUGGGUGUUGGUGGCAAACCUUGUAUCAAAGUAGCCACUGUACAGUCUAAAAUGUCAGAUGUAAAGUGCACAUCAGUAGUCUUACUCUCAGUU,((((((.((((((((((((......)))))))).)))).)))...............((.((.(((.((((.(((........))))))).))))))))))...................,-0.790000,0.869117
12170,12289,CUAAUGGUGAUUCUGAAGUUGUUCUUAAAAAGUUGAAGAAGUCUUUGAAUGUGGCUAAAUCUGAAUUUGACCGUGAUGCAGCCAUGCAACGUAAGUUGGAAAAGAUGGCUGAUCAAGCUA,...((((((((((.(((((..(..........(..(((....)))..)..)..)))...)).)))))..)))))(((.(((((((.((((....)))).).....)))))))))......,-1.620000,0.745146
12370,12489,AUGCUUAGAAAGUUGGAUAAUGAUGCACUCAACAACAUUAUCAACAAUGCAAGAGAUGGUUGUGUUCCCUUGAACAUAAUACCUCUUACAACAGCAGCCAAACUAAUGGUUGUCAUACCA,...........(((((((((((.((.......)).)))))))........(((((...(((((((((....)))))))))..))))).)))).(((((((......))))))).......,-3.010000,0.892246
12570,12689,AGAUGCAGAUAGUAAAAUUGUUCAACUUAGUGAAAUUAGUAUGGACAAUUCACCUAAUUUAGCAUGGCCUCUUAUUGUAACAGCUUUAAGGGCCAAUUCUGCUGUCAAAUUACAGAAUAA,.(((((((((((...((((((((((((..........))).)))))))))...)))........(((((.((((..((....))..)))))))))..))))).)))..............,-2.800000,0.517919
12610,12729,AUGGACAAUUCACCUAAUUUAGCAUGGCCUCUUAUUGUAACAGCUUUAAGGGCCAAUUCUGCUGUCAAAUUACAGAAUAAUGAGCUUAGUCCUGUUGCACUACGACAGAUGUCUUGUGCU,..((((((((((............(((((.((((..((....))..)))))))))((((((.((......))))))))..)))).)).))))....((((...(((....)))..)))).,-1.940000,0.977544
12690,12809,UGAGCUUAGUCCUGUUGCACUACGACAGAUGUCUUGUGCUGCCGGUACUACACAAACUGCUUGCACUGAUGACAAUGCGUUAGCUUACUACAACACAACAAAGGGAGGUAGGUUUGUACU,......((((((.((.((((...(((....)))..)))).)).)).)))).((((((.(((((((.((....)).))))..)))...((((....(......)....))))))))))...,0.720000,0.566409
12890,13009,UGGAACCACCUUGUAGGUUUGUUACAGACACACCUAAAGGUCCUAAAGUGAAGUAUUUAUACUUUAUUAAAGGAUUAAACAACCUAAAUAGAGGUAUGGUACUUGGUAGUUUAGCUGCCA,.((.((((((((.(((((.((((...)))).)))))))))((((..(((((((((....)))))))))..)))).......((((......)))).)))).))((((((.....)))))),-2.670000,0.562251
13329,13448,UUGUGCUAAUGACCCUGUGGGUUUUACACUUAAAAACACAGUCUGUACCGUCUGCGGUAUGUGGAAAGGUUAUGGCUGUAGUUGUGAUCAACUCCGCGAACCCAUGCUUCAGUCAGCUGA,....(((..(((..(.((((((((....................((((((....))))))(((((..(((((..((....))..)))))...))))))))))))))..)))...)))...,-1.460000,0.748324
13369,13487,GUCUGUACCGUCUGCGGUAUGUGGAAAGGUUAUGGCUGUAGUUGUGAUCAACUCCGCGAACCCAUGCUUCAGUCAGCUGAUGCACAAUCGUUUUUAAACGGGUUUGCGGUGUAAGUGCA,.(((((((((....))))))..)))..(((((..((....))..))))).((.((((((((((.(((.((((....)))).))).....(((....))))))))))))).)).......,-3.660000,0.997432
13409,13527,GUUGUGAUCAACUCCGCGAACCCAUGCUUCAGUCAGCUGAUGCACAAUCGUUUUUAAACGGGUUUGCGGUGUAAGUGCAGCCCGUCUUACACCGUGCGGCACAGGCACUAGUACUGAUG,((((....)))).((((((((((.(((.((((....)))).))).....(((....)))))))))((((((((((.((.....))))))))))))))))..(((((....)).)))...,-2.350000,0.987003
13646,13765,CUUUGUAGUUAAGAGACACACUUUCUCUAACUACCAACAUGAAGAAACAAUUUAUAAUUUACUUAAGGAUUGUCCAGCUGUUGCUAAACAUGACUUCUUUAAGUUUAGAAUAGACGGUGA,....(((((((.((((.......)))))))))))............((..(((((..(..(((((((((.(((..(((....)))..))).....)))))))))..)..)))))..))..,-1.750000,0.598329
13686,13805,GAAGAAACAAUUUAUAAUUUACUUAAGGAUUGUCCAGCUGUUGCUAAACAUGACUUCUUUAAGUUUAGAAUAGACGGUGACAUGGUACCACAUAUAUCACGUCAACGUCUUACUAAAUAC,....................(((((((((.(((..(((....)))..))).....)))))))))((((...(((((.((((.(((((.......))))).)))).)))))..))))....,-3.100000,0.977924
13806,13925,ACAAUGGCAGACCUCGUCUAUGCUUUAAGGCAUUUUGAUGAAGGUAAUUGUGACACAUUAAAAGAAAUACUUGUCACAUACAAUUGUUGUGAUGAUGAUUAUUUCAAUAAAAAGGACUGG,(((((.....((((((((.(((((....)))))...)))).)))).)))))............((((((.(..((((((((....).)))).)))..).))))))...............,-1.730000,0.939890
13886,14005,CAAUUGUUGUGAUGAUGAUUAUUUCAAUAAAAAGGACUGGUAUGAUUUUGUAGAAAACCCAGAUAUAUUACGCGUAUACGCCAACUUAGGUGAACGUGUACGCCAAGCUUUGUUAAAAAC,...((((((.(((((...))))).))))))((((..((((..................)))).........(((((((((...((....))...)))))))))....)))).........,-0.370000,0.989244
13926,14045,UAUGAUUUUGUAGAAAACCCAGAUAUAUUACGCGUAUACGCCAACUUAGGUGAACGUGUACGCCAAGCUUUGUUAAAAACAGUACAAUUCUGUGAUGCCAUGCGAAAUGCUGGUAUUGUU,...................((((.....((((((((((((...((....))...))))))))).......(((.....))))))....)))).(((((((.((.....)))))))))...,-0.710000,0.543859
14006,14125,AGUACAAUUCUGUGAUGCCAUGCGAAAUGCUGGUAUUGUUGGUGUACUGACAUUAGAUAAUCAAGAUCUCAAUGGUAACUGGUAUGAUUUCGGUGAUUUCAUACAAACCACGCCAGGUAG,((((((.....(..((((((.((.....))))))))..)...))))))..((((((((.......)))).))))....((((..((.(((..(((....)))..))).))..))))....,-0.890000,0.589861
14046,14165,GGUGUACUGACAUUAGAUAAUCAAGAUCUCAAUGGUAACUGGUAUGAUUUCGGUGAUUUCAUACAAACCACGCCAGGUAGUGGAGUUCCUGUUGUAGAUUCUUAUUAUUCAUUGUUAAUG,.......(((((.(..(((((.(((((((((((((.((((.((((((..((...))..))))))...((((........)))))))).)))))).))).)))))))))..).)))))...,-2.050000,0.934786
14086,14205,GGUAUGAUUUCGGUGAUUUCAUACAAACCACGCCAGGUAGUGGAGUUCCUGUUGUAGAUUCUUAUUAUUCAUUGUUAAUGCCUAUAUUAACCUUGACCAGGGCUUUAACUGCAGAGUCAC,.((((((..((...))..))))))...((((........)))).............((((((......(((..(((((((....)))))))..))).(((........))).))))))..,0.020000,0.619889
14126,14245,UGGAGUUCCUGUUGUAGAUUCUUAUUAUUCAUUGUUAAUGCCUAUAUUAACCUUGACCAGGGCUUUAACUGCAGAGUCACAUGUUGACACUGACUUAACAAAGCCUUACAUUAAGUGGGA,......(((..((...............(((..(((((((....)))))))..)))..((((((((....((((.((((.....)))).))).).....))))))))......))..))),-0.260000,0.721765
14206,14325,AUGUUGACACUGACUUAACAAAGCCUUACAUUAAGUGGGAUUUGUUAAAAUAUGACUUCACGGAAGAGAGGUUAAAACUCUUUGACCGUUAUUUUAAAUAUUGGGAUCAGACAUACCACC,(((((((..(..(.((((((((..(((((.....))))).))))))))...........((((.((((((.......))))))..))))...........)..)..))).))))......,-1.990000,0.999018
14366,14485,UUGUGCAAACUUUAAUGUUUUAUUCUCUACAGUGUUCCCACCUACAAGUUUUGGACCACUAGUGAGAAAAAUAUUUGUUGAUGGUGUUCCAUUUGUAGUUUCAACUGGAUACCACUUCAG,.......(((...((((((((..((((.((((((.(((.((......))...))).)))).)))))))))))))).)))..((((((.(((.(((......))).)))))))))......,-1.460000,0.583958
14446,14565,AUGGUGUUCCAUUUGUAGUUUCAACUGGAUACCACUUCAGAGAGCUAGGUGUUGUACAUAAUCAGGAUGUAAACUUACAUAGCUCUAGACUUAGUUUUAAGGAAUUACUUGUGUAUGCUG,..(((((..(((..((((((((..(((((......)))))(((((((.(((...(((((.......)))))....))).)))))))..............))))))))..))).))))).,-1.410000,0.947954
14526,14645,AGCUCUAGACUUAGUUUUAAGGAAUUACUUGUGUAUGCUGCUGACCCUGCUAUGCACGCUGCUUCUGGUAAUCUAUUACUAGAUAAACGCACUACGUGCUUUUCAGUAGCUGCACUUACU,...........((((((....))))))...(((((.((((((((.........(((((.(((.((((((((....)))))))).....)))...)))))...))))))))))))).....,-1.640000,0.986328
14686,14805,ACAAAGACUUCUAUGACUUUGCUGUGUCUAAGGGUUUCUUUAAGGAAGGAAGUUCUGUUGAAUUAAAACACUUCUUCUUUGCUCAGGAUGGUAAUGCUGCUAUCAGCGAUUAUGACUACU,..(((((..(((..(((........)))...)))..))))).((.(((((((...((((.......))))...))))))).))..((.(.(((((((((....)))).))))).)))...,0.060000,0.875657
14726,14845,UAAGGAAGGAAGUUCUGUUGAAUUAAAACACUUCUUCUUUGCUCAGGAUGGUAAUGCUGCUAUCAGCGAUUAUGACUACUAUCGUUAUAAUCUACCAACAAUGUGUGAUAUCAGACAACU,..((.(((((((...((((.......))))...))))))).)).....(((((..((((....))))(((((((((.......))))))))))))))....(((.((....)).)))...,-3.020000,0.993906
14766,14885,GCUCAGGAUGGUAAUGCUGCUAUCAGCGAUUAUGACUACUAUCGUUAUAAUCUACCAACAAUGUGUGAUAUCAGACAACUACUAUUUGUAGUUGAAGUUGUUGAUAAGUACUUUGAUUGU,(((...(((((((....))))))))))(((((((((.......)))))))))...(((((((((.((....)).))((((((.....))))))...))))))).................,-2.130000,0.943405
14846,14965,ACUAUUUGUAGUUGAAGUUGUUGAUAAGUACUUUGAUUGUUACGAUGGUGGCUGUAUUAAUGCUAACCAAGUCAUCGUCAACAACCUAGACAAAUCAGCUGGUUUUCCAUUUAAUAAAUG,..........((((((...((((((..((.((..(.(((((..((((((((((...(((....)))...))))))))))))))))..))))..))))))(((....))))))))).....,-0.790000,0.933880
14886,15005,UACGAUGGUGGCUGUAUUAAUGCUAACCAAGUCAUCGUCAACAACCUAGACAAAUCAGCUGGUUUUCCAUUUAAUAAAUGGGGUAAGGCUAGACUUUAUUAUGAUUCAAUGAGUUAUGAG,...((((((((((...(((....)))...))))))))))...............((((((....(((((((.....)))))))...)))).)).....(((((((((...))))))))).,-1.330000,0.918877
14966,15085,GGGUAAGGCUAGACUUUAUUAUGAUUCAAUGAGUUAUGAGGAUCAAGAUGCACUUUUCGCAUAUACAAAACGUAAUGUCAUCCCUACUAUAACUCAAAUGAAUCUUAAGUAUGCCAUUAG,......(((...((((......((((((.((((((((((((......((((.......)))).(((.....)))........)))..)))))))))..))))))..))))..))).....,-2.320000,0.819303
15006,15125,GAUCAAGAUGCACUUUUCGCAUAUACAAAACGUAAUGUCAUCCCUACUAUAACUCAAAUGAAUCUUAAGUAUGCCAUUAGUGCAAAGAAUAGAGCUCGCACCGUAGCUGGUGUCUCUAUC,........((((((..(.((((((.......(((..........)))......((....)).......)))))).)..))))))....((((((...((((((....)))))))))))).,-1.560000,0.500000
15606,15724,UUACAACACAGACUUUAUGAGUGUCUCUAUAGAAAUAGAGAUGUUGACACAGACUUUGUGAAUGAGUUUUACGCAUAUUUGCGUAAACAUUUCUCAAUGAUGAUACUCUCUGACGAUGC,........((((......(((((((..(((.((....((((((((..(((((...))))).........((((((....)))))))))))))))).)))..))))))))))).......,-1.810000,0.987812
15645,15764,GAUGUUGACACAGACUUUGUGAAUGAGUUUUACGCAUAUUUGCGUAAACAUUUCUCAAUGAUGAUACUCUCUGACGAUGCUGUUGUGUGUUUCAAUAGCACUUAUGCAUCUCAAGGUCUA,(((.((((..((((..(..(.(.((((.((((((((....)))))))).....)))).).)..).....))))..(((((...((.(((((.....))))).)).))))))))).)))..,-2.070000,0.982535
16445,16564,UUAUUGUAAAUCACAUAAACCACCCAUUAGUUUUCCAUUGUGUGCUAAUGGACAAGUUUUUGGUUUAUAUAAAAAUACAUGUGUUGGUAGCGAUAAUGUUACUGACUUUAAUGCAAUUGC,....(((((((((...((((...((((((((............))))))))....)))).)))))))))........(((..((..(((((......)))))..))....))).......,-1.170000,0.997273
16485,16604,UGUGCUAAUGGACAAGUUUUUGGUUUAUAUAAAAAUACAUGUGUUGGUAGCGAUAAUGUUACUGACUUUAAUGCAAUUGCAACAUGUGACUGGACAAAUGCUGGUGAUUACAUUUUAGCU,...(((((......((((.(..((...........(((((((((..(((((......)))))..)).....(((....))))))))))...........))..).)))).....))))).,-0.650000,0.889962
16765,16884,ACCGAAAUUAUGUCUUUACUGGUUAUCGUGUAACUAAAAACAGUAAAGUACAAAUAGGAGAGUACACCUUUGAAAAAGGUGACUAUGGUGAUGCUGUUGUUUACCGAGGUACAACAACUU,((((......(((((((((((...................)))))))).)))........(((.((((((.....))))))))).))))......(((((((((....))).))))))..,-1.630000,0.657338
17085,17204,CCUGGUACUGGUAAGAGUCAUUUUGCUAUUGGCCUAGCUCUCUACUACCCUUCUGCUCGCAUAGUGUAUACAGCUUGCUCUCAUGCCGCUGUUGAUGCACUAUGUGAGAAGGCAUUAAAA,...(((..((((((((....))))))))...)))..............(((((...((((((((((((((((((..((......)).)))))..))))))))))))))))))........,-2.890000,0.865922
17125,17244,UCUACUACCCUUCUGCUCGCAUAGUGUAUACAGCUUGCUCUCAUGCCGCUGUUGAUGCACUAUGUGAGAAGGCAUUAAAAUAUUUGCCUAUAGAUAAAUGUAGUAGAAUUAUACCUGCAC,((((((((...(((((((((((((((((((((((..((......)).)))))..)))))))))))))).(((((..........))))).)))).....)))))))).............,-6.850000,0.998997
17165,17284,UCAUGCCGCUGUUGAUGCACUAUGUGAGAAGGCAUUAAAAUAUUUGCCUAUAGAUAAAUGUAGUAGAAUUAUACCUGCACGUGCUCGUGUAGAGUGUUUUGAUAAAUUCAAAGUGAAUUC,......((((...(((((.(((..((((.(((((..........)))))........((((.((((........)))))))).))))..))).)))))((((.....)))))))).....,-1.560000,0.717695
17205,17324,UAUUUGCCUAUAGAUAAAUGUAGUAGAAUUAUACCUGCACGUGCUCGUGUAGAGUGUUUUGAUAAAUUCAAAGUGAAUUCAACAUUAGAACAGUAUGUCUUUUGUACUGUAAAUGCAUUG,((((((....))))))((((((((.((((((((((((((((....))))))).))))(((((.....)))))...))))).))......((((((((.....))))))))...)))))).,-2.610000,0.947288
17325,17444,CCUGAGACGACAGCAGAUAUAGUUGUCUUUGAUGAAAUUUCAAUGGCCACAAAUUAUGAUUUGAGUGUUGUCAAUGCCAGAUUACGUGCUAAGCACUAUGUGUACAUUGGCGACCCUGCU,...........(((((.....((.(((.((((.......)))).))).))................((((((((((.((.((...((((...)))).)).))..)))))))))).))))),-0.690000,0.869734
17365,17484,CAAUGGCCACAAAUUAUGAUUUGAGUGUUGUCAAUGCCAGAUUACGUGCUAAGCACUAUGUGUACAUUGGCGACCCUGCUCAAUUACCUGCACCACGCACAUUGCUAACUAAGGGCACAC,...(((((............((((((((((((((((.((.((...((((...)))).)).))..))))))))))...)))))).....(((.....)))..............))).)).,0.110000,0.793614
17445,17564,CAAUUACCUGCACCACGCACAUUGCUAACUAAGGGCACACUAGAACCAGAAUAUUUCAAUUCAGUGUGUAGACUUAUGAAAACUAUAGGUCCAGACAUGUUCCUCGGAACUUGUCGGCGU,.........((.((((((((..((((.......))))...........((((......)))).)))))).((((((((.....))))))))..((((.((((....)))).)))))).)),-2.140000,0.974220
17525,17644,AACUAUAGGUCCAGACAUGUUCCUCGGAACUUGUCGGCGUUGUCCUGCUGAAAUUGUUGACACUGUGAGUGCUUUGGUUUAUGAUAAUAAGCUUAAAGCACAUAAAGACAAAUCAGCUCA,......(((.((.((((.((((....)))).))))))......)))(((((..(((((.......((.((((((((((((((....)))))).)))))))).))..))))).)))))...,-2.220000,0.973216
17765,17884,CUUUAUUUCACCUUAUAAUUCACAGAAUGCUGUAGCCUCAAAGAUUUUGGGACUACCAACUCAAACUGUUGAUUCAUCACAGGGCUCAGAAUAUGACUAUGUCAUAUUCACUCAAACCAC,.....................((((....))))((((.....((..((((.....)))).))...((((.((....))))))))))..(((((((((...)))))))))...........,-2.030000,0.903190
17845,17964,AGGGCUCAGAAUAUGACUAUGUCAUAUUCACUCAAACCACUGAAACAGCUCACUCUUGUAAUGUAAACAGAUUUAAUGUUGCUAUUACCAGAGCAAAAGUAGGCAUACUUUGCAUAAUGU,.(((((..(((((((((...)))))))))..(((......)))...)))))..(((.((((((..((((.......))))..)))))).)))(((((.(((....)))))))).......,-2.440000,0.791864
17965,18084,CUGAUAGAGACCUUUAUGACAAGUUGCAAUUUACAAGUCUUGAAAUUCCACGUAGGAAUGUGGCAACUUUACAAGCUGAAAAUGUAACAGGACUCUUUAAAGAUUGUAGUAAGGUAAUCA,..(((....(((((....((((((((((.(((...((.(((((((((((((((....)))))).)).))).)))))).))).)))))).....(((....)))))))...))))).))).,-0.960000,0.951872
18645,18764,CCUGAGCGCACCUGUUGUCUAUGUGAUAGACGUGCCACAUGCUUUUCCACUGCUUCAGACACUUAUGCCUGUUGGCAUCAUUCUAUUGGAUUUGAUUACGUCUAUAAUCCGUUUAUGAUU,.((((((((((...(((((.....)))))..))))....((......))..)).)))).......((((....))))((((.....((((((.(((...)))...))))))...))))..,-0.620000,0.529313
18685,18804,GCUUUUCCACUGCUUCAGACACUUAUGCCUGUUGGCAUCAUUCUAUUGGAUUUGAUUACGUCUAUAAUCCGUUUAUGAUUGAUGUUCAACAAUGGGGUUUUACAGGUAACCUACAAAGCA,(((((.....(((((.((((.(((((...(((((((((((.((...((((((.(((...)))...)))))).....)).))))).)))))))))))))))...)))))......))))).,-1.860000,0.676985
18805,18924,ACCAUGAUCUGUAUUGUCAAGUCCAUGGUAAUGCACAUGUAGCUAGUUGUGAUGCAAUCAUGACUAGGUGUCUAGCUGUCCACGAGUGCUUUGUUAAGCGUGUUGACUGGACUAUUGAAU,..((((...((((((..((......))..))))))))))...(((((..((((...))))..)))))..(((((...(((.(((...((((....)))).))).))))))))........,-0.110000,0.862273
18845,18964,AGCUAGUUGUGAUGCAAUCAUGACUAGGUGUCUAGCUGUCCACGAGUGCUUUGUUAAGCGUGUUGACUGGACUAUUGAAUAUCCUAUAAUUGGUGAUGAACUGAAGAUUAAUGCGGCUUG,..(((((..((((...))))..)))))......((((((((((((..((((....))))...)))..))))).......(((((((....))).))))................))))..,0.290000,0.866437
18925,19044,AUCCUAUAAUUGGUGAUGAACUGAAGAUUAAUGCGGCUUGUAGAAAGGUUCAACACAUGGUUGUUAAAGCUGCAUUAUUAGCAGACAAAUUCCCAGUUCUUCACGACAUUGGUAACCCUA,............((((.((((((.....(((((((((((...........((((.....))))...)))))))))))......((.....)).)))))).))))................,-0.570000,0.554382
19045,19164,AAGCUAUUAAGUGUGUACCUCAAGCUGAUGUAGAAUGGAAGUUCUAUGAUGCACAGCCUUGUAGUGACAAAGCUUAUAAAAUAGAAGAAUUAUUCUAUUCUUAUGCCACACAUUCUGACA,..........((((((((..(((((((.((((..((((.....))))..))))))).))))..)))........((((((((((((......))))))).))))).))))).........,-1.840000,0.807859
19165,19284,AAUUCACAGAUGGUGUAUGCCUAUUUUGGAAUUGCAAUGUCGAUAGAUAUCCUGCUAAUUCCAUUGUUUGUAGAUUUGACACUAGAGUGCUAUCUAACCUUAACUUGCCUGGUUGUGAUG,...((((((((((..(.(((..((..(((((((((((((((....)))))..))).)))))))..))..)))..((((....)))))..))))))((((...........))))))))..,-2.070000,0.583292
19205,19324,CGAUAGAUAUCCUGCUAAUUCCAUUGUUUGUAGAUUUGACACUAGAGUGCUAUCUAACCUUAACUUGCCUGGUUGUGAUGGUGGCAGUUUGUAUGUAAAUAAACAUGCAUUCCACACACC,.(((((.....((((.(((......))).))))......(((....)))))))).((((...........))))(((.(((..(((((((((......)))))).)))...))))))...,-0.540000,0.727445
19365,19484,CCAUUUUUCUAUUACUCUGACAGUCCAUGUGAGUCUCAUGGAAAACAAGUAGUGUCAGAUAUAGAUUAUGUACCACUAAAGUCUGCUACGUGUAUAACACGUUGCAAUUUAGGUGGUGCU,.......(((((...(((((((.((((((.......))))))..........))))))).)))))....((((((((.((((.(((.(((((.....))))).))))))).)))))))).,-4.880000,0.996132
19405,19524,GAAAACAAGUAGUGUCAGAUAUAGAUUAUGUACCACUAAAGUCUGCUACGUGUAUAACACGUUGCAAUUUAGGUGGUGCUGUCUGUAGACAUCAUGCUAAUGAGUACAGAUUGUAUCUCG,.......(((((((((...(((((((...((((((((.((((.(((.(((((.....))))).))))))).)))))))).))))))))))))..))))...((((((.....))).))).,-4.190000,0.997816
19445,19564,GUCUGCUACGUGUAUAACACGUUGCAAUUUAGGUGGUGCUGUCUGUAGACAUCAUGCUAAUGAGUACAGAUUGUAUCUCGAUGCUUAUAACAUGAUGAUCUCAGCUGGCUUUAGCUUGUG,...(((.(((((.....))))).)))...(((((...((((.(((.((((((((((...((((((((((((...)))).).)))))))..))))))).)))))).))))....)))))..,-1.920000,0.695158
19645,19764,UUGUAAAUAAGGGACACUUUGAUGGACAACAGGGUGAAGUACCAGUUUCUAUCAUUAAUAACACUGUUUACACAAAAGUUGAUGGUGUUGAUGUAGAAUUGUUUGAAAAUAAAACAACAU,...(((((((...(((...(((((((.(((.((........)).))))))))))....((((((((((.((......)).)))))))))).)))....)))))))...............,-0.890000,0.976831
19765,19884,UACCUGUUAAUGUAGCAUUUGAGCUUUGGGCUAAGCGCAACAUUAAACCAGUACCAGAGGUGAAAAUACUCAAUAAUUUGGGUGUGGACAUUGCUGCUAAUACUGUGAUCUGGGACUACA,..(((.(((((((.((.(((.(((.....)))))).)).))))))).((((((.(((..(((...((((((((....))))))))...)))..)))....))))).)....)))......,-0.840000,0.964994
19925,20044,UUCUAUGACUGACAUAGCCAAGAAACCAACUGAAACGAUUUGUGCACCACUCACUGUCUUUUUUGAUGGUAGAGUUGAUGGUCAAGUAGACUUAUUUAGAAAUGCCCGUAAUGGUGUUCU,.(((((...((((...((((((................)))).)).(.((((((((((......)))))).)))).)...)))).))))).......((((.((((......)))))))),0.620000,0.980681
19965,20084,UGUGCACCACUCACUGUCUUUUUUGAUGGUAGAGUUGAUGGUCAAGUAGACUUAUUUAGAAAUGCCCGUAAUGGUGUUCUUAUUACAGAAGGUAGUGUUAAAGGUUUACAACCAUCUGUA,..((((..((((((((((......)))))).)))).((((((...(((((((..(((((...((((.(((((((.....)))))))....))))...)))))))))))).)))))))))),-1.760000,0.975556
20205,20324,CAGAGUAGAAAUUUACAAGAAUUUAAACCCAGGAGUCAAAUGGAAAUUGAUUUCUUAGAAUUAGCUAUGGAUGAAUUCAUUGAACGGUAUAAAUUAGAAGGCUAUGCCUUCGAACAUAUC,....((((....))))...((((((.(((.(((((((((.(....))))))))))..(((((..(....)...))))).......))).)))))).((((((...)))))).........,-1.540000,0.528050
20285,20404,UGAACGGUAUAAAUUAGAAGGCUAUGCCUUCGAACAUAUCGUUUAUGGAGAUUUUAGUCAUAGUCAGUUAGGUGGUUUACAUCUACUGAUUGGACUAGCUAAACGUUUUAAGGAAUCACC,((((((((((......((((((...))))))....)))))))))).((.((((((((((.((((((((.(((((.....)))))))))))))))))(((.....)))....)))))).)),-4.650000,0.935782
20445,20564,AAAAACUAUUUCAUAACAGAUGCGCAAACAGGUUCAUCUAAGUGUGUGUGUUCUGUUAUUGAUUUAUUACUUGAUGAUUUUGUUGAAAUAAUAAAAUCCCAAGAUUUAUCUGUAGUUUCU,..(((((((.((((((((((.(((((.(((..(......)..))).)))))))))))).))).......((((..((((((((((...)))))))))).))))........)))))))..,-3.220000,0.988141
20485,20604,AGUGUGUGUGUUCUGUUAUUGAUUUAUUACUUGAUGAUUUUGUUGAAAUAAUAAAAUCCCAAGAUUUAUCUGUAGUUUCUAAGGUUGUCAAAGUGACUAUUGACUAUACAGAAAUUUCAU,...(((....((((((..(..((...((((((((..((((((..(((((.((((((((....)))))...))).)))))))))))..)).))))))..))..)....))))))....))),-1.460000,0.786397
20805,20924,CUGUGUCAAUAUUUAAACACAUUAACAUUAGCUGUACCCUAUAAUAUGAGAGUUAUACAUUUUGGUGCUGGUUCUGAUAAAGGAGUUGCACCAGGUACAGCUGUUUUAAGACAGUGGUUG,.(((((..........)))))....(((((((((((((.((((((......)))))).....((((((.(.((((.....)))).).)))))))))))))))(((....)))))))....,-2.340000,0.817684
20845,20964,AUAAUAUGAGAGUUAUACAUUUUGGUGCUGGUUCUGAUAAAGGAGUUGCACCAGGUACAGCUGUUUUAAGACAGUGGUUGCCUACGGGUACGCUGCUUGUCGAUUCAGAUCUUAAUGACU,......((((((((.(((....((((((.(.((((.....)))).).)))))).))).)))........(((((..((((((....)))).))..).))))........)))))......,-1.870000,0.574837
21005,21124,AACUGUACAUACAGCUAAUAAAUGGGAUCUCAUUAUUAGUGAUAUGUACGACCCUAAGACUAAAAAUGUUACAAAAGAAAAUGACUCUAAAGAGGGUUUUUUCACUUACAUUUGUGGGUU,....(((((((..((((((((.(((....)))))))))))..)))))))(((((.........((((((.......(((((.((((((....)))))))))))....))))))..))))),-3.430000,0.841844
21125,21244,UAUACAACAAAAGCUAGCUCUUGGAGGUUCCGUGGCUAUAAAGAUAACAGAACAUUCUUGGAAUGCUGAUCUUUAUAAGCUCAUGGGACACUUCGCAUGGUGGACAGCCUUUGUUACUAA,.....((((((.(((.(((..((((((((((((((((((((((((..(((..(((((...)))))))))))))))).))).)))))))).)))))...)))....))).)))))).....,-3.970000,0.842848
21325,21444,UCAUGCAUGCAAAUUACAUAUUUUGGAGGAAUACAAAUCCAAUUCAGUUGUCUUCCUAUUCUUUAUUUGACAUGAGUAAAUUUCCCCUUAAAUUAAGGGGUACUGCUGUUAUGUCUUUAA,.(((((((((((((.....((...((((((..((............))..)))))).)).....))))).))))((((.....(((((((...)))))))...))))..)))).......,-1.240000,0.970457
21365,21484,AAUUCAGUUGUCUUCCUAUUCUUUAUUUGACAUGAGUAAAUUUCCCCUUAAAUUAAGGGGUACUGCUGUUAUGUCUUUAAAAGAAGGUCAAAUCAAUGAUAUGAUUUUAUCUCUUCUUAG,..................((((((....((((((((((.....(((((((...)))))))...))))..))))))....))))))(((.((((((......)))))).))).........,-2.270000,0.993842
21405,21524,UUUCCCCUUAAAUUAAGGGGUACUGCUGUUAUGUCUUUAAAAGAAGGUCAAAUCAAUGAUAUGAUUUUAUCUCUUCUUAGUAAAGGUAGACUUAUAAUUAGAGAAAACAACAGAGUUGUU,...(((((((...))))))).(((.(((((...((((((((((((((..((((((......))))))...).))))))....(((.....)))....)))))))....))))))))....,-2.270000,0.887067
21445,21564,AAGAAGGUCAAAUCAAUGAUAUGAUUUUAUCUCUUCUUAGUAAAGGUAGACUUAUAAUUAGAGAAAACAACAGAGUUGUUAUUUCUAGUGAUGUUCUUGUUAACAACUAAACGAACAAUG,(((((.(((..........(((((.(((((((...........))))))).)))))((((((((.((((((...)))))).))))))))))).)))))......................,-1.220000,0.635290
22101,22218,AGGAAAACAGGGUAAUUUCAAAAAUCUUAGGGAAUUUGUGUUUAAGAAUAUUGAUGGUUAUUUUAAAAUAUAUUCUAAGCACACGCCUAUUAAUUUAGUGCGUGAUCUCCCUCAGGGU,.......................((((((((((....(((((((.((((((..................)))))))))))))(((((((......))).))))....))))).))))),-1.700000,0.900437
22139,22258,UGUUUAAGAAUAUUGAUGGUUAUUUUAAAAUAUAUUCUAAGCACACGCCUAUUAAUUUAGUGCGUGAUCUCCCUCAGGGUUUUUCGGCUUUAGAACCAUUGGUAGAUUUGCCAAUAGGUA,(((((.((((((........)))))).)))))...(((((((.((((((((......))).)))))....(((...))).......)).)))))((((((((((....))))))).))).,-2.250000,0.822965
22697,22816,GUUAUGGAGUGUCUCCUACUAAAUUAAAUGAUCUCUGCUUUACUAAUGUCUAUGCAGAUUCAUUUGUAAUUAGAGGUGAUGAAGUCAGACAAAUCGCUCCAGGGCAAACUGGAAAGAUUG,(((.(((..((((.(((.((((..(((((((..(((((...((....))....))))).)))))))...))))))).))))...)))))).((((..(((((......)))))..)))).,-3.060000,0.529066
22737,22856,UACUAAUGUCUAUGCAGAUUCAUUUGUAAUUAGAGGUGAUGAAGUCAGACAAAUCGCUCCAGGGCAAACUGGAAAGAUUGCUGAUUAUAAUUAUAAAUUACCAGAUGAUUUUACAGGCUG,.......((((..(.(((.((((((((((((....(((((..((((((...((((..(((((......)))))..)))).))))))...))))).))))).))))))).))).)))))..,-2.840000,0.829168
22777,22896,GAAGUCAGACAAAUCGCUCCAGGGCAAACUGGAAAGAUUGCUGAUUAUAAUUAUAAAUUACCAGAUGAUUUUACAGGCUGCGUUAUAGCUUGGAAUUCUAACAAUCUUGAUUCUAAGGUU,..((((((...((((..(((((......)))))..)))).))))))....................((.(((.(((((((.....)))))))))).))....(((((((....))))))),-1.840000,0.865329
23097,23216,ACUUUCUUUUGAACUUCUACAUGCACCAGCAACUGUUUGUGGACCUAAAAAGUCUACUAAUUUGGUUAAAAACAAAUGUGUCAAUUUCAACUUCAAUGGUUUAACAGGCACAGGUGUUCU,......................((((((((....(((.((((((.......)))))).)))...))).........((((((...((.((((.....)))).))..)))))))))))...,-0.200000,0.870232
23297,23416,CACAGACACUUGAGAUUCUUGACAUUACACCAUGUUCUUUUGGUGGUGUCAGUGUUAUAACACCAGGAACAAAUACUUCUAACCAGGUUGCUGUUCUUUAUCAGGAUGUUAACUGCACAG,....((((((..((...))..).....(((((........)))))))))).((((..((((((((((((((...((((......))))...))))))).....)).)))))...))))..,-1.040000,0.820433
23337,23456,UGGUGGUGUCAGUGUUAUAACACCAGGAACAAAUACUUCUAACCAGGUUGCUGUUCUUUAUCAGGAUGUUAACUGCACAGAAGUCCCUGUUGCUAUUCAUGCAGAUCAACUUACUCCUAC,.((.((((.((((....((((((((((((((...((((......))))...))))))).....)).))))))))))))..((((.....((((.......))))....)))).).))...,0.800000,0.866815
23497,23616,CGUGCAGGCUGUUUAAUAGGGGCUGAACAUGUCAACAACUCAUAUGAGUGUGACAUACCCAUUGGUGCAGGUAUAUGCGCUAGUUAUCAGACUCAGACUAAUUCUCCUCGGCGGGCACGU,(((((..((((.......(((.((((..((((((...((((....)))).))))))....(((((((((......)))))))))..)))).)))(((.....)))...))))..))))).,-2.420000,0.978896
23537,23656,CAUAUGAGUGUGACAUACCCAUUGGUGCAGGUAUAUGCGCUAGUUAUCAGACUCAGACUAAUUCUCCUCGGCGGGCACGUAGUGUAGCUAGUCAAUCCAUCAUUGCCUACACUAUGUCAC,....(((((.(((.......(((((((((......)))))))))..))).)))))..........((.....))(.(((((((((((.((((.........)))).))))))))))))..,-0.510000,0.939684
23577,23696,UAGUUAUCAGACUCAGACUAAUUCUCCUCGGCGGGCACGUAGUGUAGCUAGUCAAUCCAUCAUUGCCUACACUAUGUCACUUGGUGCAGAAAAUUCAGUUGCUUACUCUAAUAACUCUAU,.((((((.(((....((((((((.((..((.((((.(((((((((((.((((.........)))).)))))))))))..)))).))..)).)))).))))......))).))))))....,-1.860000,0.598953
23697,23816,UGCCAUACCCACAAAUUUUACUAUUAGUGUUACCACAGAAAUUCUACCAGUGUCUAUGACCAAGACAUCAGUAGAUUGUACAAUGUACAUUUGUGGUGAUUCAACUGAAUGCAGCAAUCU,.......................((((((((((((((((...(((((..((((((.......))))))..))))).(((((...))))))))))))))))...)))))............,-2.640000,0.988996
23977,24096,UUACCAGAUCCAUCAAAACCAAGCAAGAGGUCAUUUAUUGAAGAUCUACUUUUCAACAAAGUGACACUUGCAGAUGCUGGCUUCAUCAAACAAUAUGGUGAUUGCCUUGGUGAUAUUGCU,(((((((...............(((((..(((((((.(((((((.....)))))))..))))))).))))).......(((.((((((.......))))))..)))))))))).......,-2.820000,0.994388
24256,24375,GCUAUGCAAAUGGCUUAUAGGUUUAAUGGUAUUGGAGUUACACAGAAUGUUCUCUAUGAGAACCAAAAAUUGAUUGCCAACCAAUUUAAUAGUGCUAUUGGCAAAAUUCAAGACUCACUU,(((((....)))))....................(((((.........((((((...))))))......(((((((((((...(((....)))....)))))))...)))))))))....,-0.320000,0.974138
25016,25135,UAGAUAAAUAUUUUAAGAAUCAUACAUCACCAGAUGUUGAUUUAGGUGACAUCUCUGGCAUUAAUGCUUCAGUUGUAAACAUUCAAAAAGAAAUUGACCGCCUCAAUGAGGUUGCCAAGA,.((((...........((((((.(((((....))))))))))).(....))))).(((((........((((((.................))))))..(((((...))))))))))...,-1.160000,0.925763
25136,25255,AUUUAAAUGAAUCUCUCAUCGAUCUCCAAGAACUUGGAAAGUAUGAGCAGUAUAUAAAAUGGCCAUGGUACAUUUGGCUAGGUUUUAUAGCUGGCUUGAUUGCCAUAGUAAUGGUGACAA,..............((((((....(((((....)))))..).)))))((((.(((((((((((((.........)))))..))))))))))))...((.(..((((....))))..))).,-0.930000,0.748968
25176,25295,GUAUGAGCAGUAUAUAAAAUGGCCAUGGUACAUUUGGCUAGGUUUUAUAGCUGGCUUGAUUGCCAUAGUAAUGGUGACAAUUAUGCUUUGCUGUAUGACCAGUUGCUGUAGUUGUCUCAA,......((((((.......((((((.........))))))((((.((((((.(((.((((((((((....))))...)))))).)))..)))))).))))...))))))...........,-1.470000,0.704212
25216,25335,GGUUUUAUAGCUGGCUUGAUUGCCAUAGUAAUGGUGACAAUUAUGCUUUGCUGUAUGACCAGUUGCUGUAGUUGUCUCAAGGGCUGUUGUUCUUGUGGAUCCUGCUGCAAAUUUGAUGAA,((((.((((((.(((.((((((((((....))))...)))))).)))..)))))).))))..((((.((((..(((((((((((....))))))).)))).)))).))))..........,-3.780000,0.916475
25336,25454,GACGACUCUGAGCCAGUGCUCAAAGGAGUCAAAUUACAUUACACAUAAACGAACUUAUGGAUUUGUUUAUGAGAAUCUUCACAAUUGGAACUGUAACUUUGAAGCAAGGUGAAAUCAAG,(((..((.(((((....))))).))..)))....((((.....(((((((((((.....).))))))))))....(((........)))..))))((((((...)))))).........,-1.460000,0.528671
25455,25574,GAUGCUACUCCUUCAGAUUUUGUUCGCGCUACUGCAACGAUACCGAUACAAGCCUCACUCCCUUUCGGAUGGCUUAUUGUUGGCGUUGCACUUCUUGCUGUUUUUCAGAGCGCUUCCAAA,..................((((...(((((..(((((((...((((((.(((((....(((.....))).)))))..))))))))))))).......(((.....))))))))...)))),-2.210000,0.818151
25495,25614,UACCGAUACAAGCCUCACUCCCUUUCGGAUGGCUUAUUGUUGGCGUUGCACUUCUUGCUGUUUUUCAGAGCGCUUCCAAAAUCAUAACCCUCAAAAAGAGAUGGCAACUAGCACUCUCCA,....(((..(((((....(((.....))).))))).(((..(((((((((.....)))((.....)).))))))..))).)))..............((((..((.....))..))))..,-0.210000,0.846878
25535,25654,UGGCGUUGCACUUCUUGCUGUUUUUCAGAGCGCUUCCAAAAUCAUAACCCUCAAAAAGAGAUGGCAACUAGCACUCUCCAAGGGUGUUCACUUUGUUUGCAACUUGCUGUUGUUGUUUGU,.(((((((((......((.((((....))))))...((((......(((((.....((((...((.....)).))))...)))))......))))..))))))..)))............,1.630000,0.747764
25575,25694,AUCAUAACCCUCAAAAAGAGAUGGCAACUAGCACUCUCCAAGGGUGUUCACUUUGUUUGCAACUUGCUGUUGUUGUUUGUAACAGUUUACUCACACCUUUUGCUCGUUGCUGCUGGCCUU,.......(((((.....)))..((((((.((((......((((((((.....(((((.(((((........)))))....))))).......)))))))))))).))))))...))....,-0.760000,0.592582
25655,25774,AACAGUUUACUCACACCUUUUGCUCGUUGCUGCUGGCCUUGAAGCCCCUUUUCUCUAUCUUUAUGCUUUAGUCUACUUCUUGCAGAGUAUAAACUUUGUAAGAAUAAUAAUGAGGCUUUG,..((((...............((.....)).))))((((((((((...................))))).......((((((((((((....)))))))))))).......)))))....,-1.150000,0.988823
25815,25934,GAUGCCAACUAUUUUCUUUGCUGGCAUACUAAUUGUUACGACUAUUGUAUACCUUACAAUAGUGUAACUUCUUCAAUUGUCAUUACUUCAGGUGAUGGCACAACAAGUCCUAUUUCUGAA,.((((((.(..........).)))))).......(((((.(((((((((.....)))))))))))))).........(((((((((.....)))))))))....................,-4.170000,0.951563
25855,25974,ACUAUUGUAUACCUUACAAUAGUGUAACUUCUUCAAUUGUCAUUACUUCAGGUGAUGGCACAACAAGUCCUAUUUCUGAACAUGACUACCAGAUUGGUGGUUAUACUGAAAAAUGGGAAU,(((((((((.....)))))))))..............(((((((((.....))))))))).......((((((((.(.(..(((((((((.....)))))))))..).).))))))))..,-4.250000,0.994153
25895,26014,CAUUACUUCAGGUGAUGGCACAACAAGUCCUAUUUCUGAACAUGACUACCAGAUUGGUGGUUAUACUGAAAAAUGGGAAUCUGGAGUAAAAGACUGUGUUGUAUUACACAGUUACUUCAC,..(((((((((((..((......))..((((((((.(.(..(((((((((.....)))))))))..).).)))))))))))))))))))..((((((((......)))))))).......,-4.400000,0.997926
25935,26054,CAUGACUACCAGAUUGGUGGUUAUACUGAAAAAUGGGAAUCUGGAGUAAAAGACUGUGUUGUAUUACACAGUUACUUCACUUCAGACUAUUACCAGCUGUACUCAACUCAAUUGAGUACA,.(((((((((.....))))))))).(((...(((((...((((((((((..((((((((......))))))))..)).)))))))))))))..)))..((((((((.....)))))))).,-4.970000,0.982756
26015,26134,UUCAGACUAUUACCAGCUGUACUCAACUCAAUUGAGUACAGACACUGGUGUUGAACAUGUUACCUUCUUCAUCUACAAUAAAAUUGUUGAUGAGCCUGAAGAACAUGUCCAAAUUCACAC,..........((((((((((((((((.....))))))))))...))))))(((.(((((((..((((((((((.(((((...))))).))))))...))))))))))).)))........,-5.270000,0.790037
26095,26214,AAAUUGUUGAUGAGCCUGAAGAACAUGUCCAAAUUCACACAAUCGACGGUUCAUCCGGAGUUGUUAAUCCAGUAAUGGAACCAAUUUAUGAUGAACCGACGACGACUACUAGCGUGCCUU,.....((((.((..(.((.....)).)..))...........(((.(((((((((..((((((....((((....))))..))))))..))))))))).)))))))..............,-1.910000,0.991600
26135,26254,AAUCGACGGUUCAUCCGGAGUUGUUAAUCCAGUAAUGGAACCAAUUUAUGAUGAACCGACGACGACUACUAGCGUGCCUUUGUAAGCACAAGCUGAUGAGUACGAACUUAUGUACUCAUU,..(((.(((((((((..((((((....((((....))))..))))))..))))))))).))).......((((((((........))))..))))(((((((((......))))))))).,-5.440000,0.998874
26175,26294,CCAAUUUAUGAUGAACCGACGACGACUACUAGCGUGCCUUUGUAAGCACAAGCUGAUGAGUACGAACUUAUGUACUCAUUCGUUUCGGAAGAGACAGGUACGUUAAUAGUUAAUAGCGUA,..................(((..(((((.((((((((((.....(((....)))((((((((((......)))))))))).(((((....))))))))))))))).))))).....))).,-4.440000,0.998791
26215,26334,UGUAAGCACAAGCUGAUGAGUACGAACUUAUGUACUCAUUCGUUUCGGAAGAGACAGGUACGUUAAUAGUUAAUAGCGUACUUCUUUUUCUUGCUUUCGUGGUAUUCUUGCUAGUUACAC,((((((((.((((.((((((((((......)))))))))).)))).((((((((..(((((((((........))))))))))))))))).))).....(((((....))))).))))).,-3.490000,0.997548
26255,26374,CGUUUCGGAAGAGACAGGUACGUUAAUAGUUAAUAGCGUACUUCUUUUUCUUGCUUUCGUGGUAUUCUUGCUAGUUACACUAGCCAUCCUUACUGCGCUUCGAUUGUGUGCGUACUGCUG,.(((((....))))).(((((((..((((((...((((((...........((((.....)))).....(((((.....))))).........))))))..))))))..)))))))....,-2.310000,0.992288
26375,26490,CAAUAUUGUUAACGUGAGUCUUGUAAAACCUUCUUUUUACGUUUACUCUCGUGUUAAAAAUCUGAAUUCUUCUAGAGUUCCUGAUCUUCUGGUCUAAACGAACUAAAUAUUAUAUU,.((((((....(((.((((..(((((((......)))))))...)))).)))(((........((((((.....))))))..((((....))))..)))......)))))).....,-2.730000,0.993877
26415,26527,GUUUACUCUCGUGUUAAAAAUCUGAAUUCUUCUAGAGUUCCUGAUCUUCUGGUCUAAACGAACUAAAUAUUAUAUUAGUUUUUCUGUUUGGAACUUUAAUUUUAGCCAUGGCA,........(((((((((((....((.....))(((((((((.((((....)))).(((((((((((........)))))))....))))))))))))).)))))).)))))..,-1.940000,0.933890
26452,26567,UUCCUGAUCUUCUGGUCUAAACGAACUAAAUAUUAUAUUAGUUUUUCUGUUUGGAACUUUAAUUUUAGCCAUGGCAGAUUCCAACGGUACUAUUACCGUUGAAGAGCUUAAAAAGC,.......(((((.((((((((((((((((........)))))))....)))))))............((....)).....))(((((((....))))))))))))(((.....))),-1.980000,0.819910
26491,26607,AGUUUUUCUGUUUGGAACUUUAAUUUUAGCCAUGGCAGAUUCCAACGGUACUAUUACCGUUGAAGAGCUUAAAAAGCUCCUUGAACAAUGGAACCUAGUAAUAGGUUUCCUAUUCCU,.((((.(((((((((..((........))))).))))))...((((((((....))))))))..(((((.....)))))...))))...((((((((....))))))))........,-3.520000,0.997961
26528,26647,GAUUCCAACGGUACUAUUACCGUUGAAGAGCUUAAAAAGCUCCUUGAACAAUGGAACCUAGUAAUAGGUUUCCUAUUCCUUACAUGGAUUUGUCUUCUACAAUUUGCCUAUGCCAACAGG,.....((((((((....))))))))..(((((.....)))))((((......((((((((....))))))))..........(((((..((((.....))))....)).)))....)))),-3.290000,0.992755
26568,26687,UCCUUGAACAAUGGAACCUAGUAAUAGGUUUCCUAUUCCUUACAUGGAUUUGUCUUCUACAAUUUGCCUAUGCCAACAGGAAUAGGUUUUUGUAUAUAAUUAAGUUAAUUUUCCUCUGGC,..(((((((((.((((((((....))))))))....(((......))).))))....(((((...((((((.((....)).))))))..))))).....)))))................,-2.130000,0.982117
26608,26727,UACAUGGAUUUGUCUUCUACAAUUUGCCUAUGCCAACAGGAAUAGGUUUUUGUAUAUAAUUAAGUUAAUUUUCCUCUGGCUGUUAUGGCCAGUAACUUUAGCUUGUUUUGUGCUUGCUGC,..((..((.........(((((...((((((.((....)).))))))..)))))......((((((((.......((((((.....)))))).....)))))))).))..))........,-1.640000,0.922365
26728,26847,UGUUUACAGAAUAAAUUGGAUCACCGGUGGAAUUGCUAUCGCAAUGGCUUGUCUUGUAGGCUUGAUGUGGCUCAGCUACUUCAUUGCUUCUUUCAGACUGUUUGCGCGUACGCGUUCCAU,..............(((((....)))))(((((.((((((((((..((..((((.(.((((.(((.(((((...))))).)))..)))))....)))).))))))).))).)))))))..,0.050000,0.587174
27248,27367,AAUUAUUAUGAGGACUUUUAAAGUUUCCAUUUGGAAUCUUGAUUACAUCAUAAACCUCAUAAUUAAAAAUUUAUCUAAGUCACUAACUGAGAAUAAAUAUUCUCAAUUAGAUGAAGAGCA,....(((((((((.......(((.((((....)))).)))(((...))).....)))))))))...........((...(((((((.(((((((....))))))).)))).)))..))..,-3.720000,0.971645
27401,27520,UAUUCUUUUCUUGGCACUGAUAACACUCGCUACUUGUGAGCUUUAUCACUACCAAGAGUGUGUUAGAGGUACAACAGUACUUUUAAAAGAACCUUGCUCUUCUGGAACAUACGAGGGCAA,..((((((((((((...((((((..(((((.....)))))..))))))...)))))))....((((((((((....)))))))))))))))...(((((((.((.....)).))))))).,-4.040000,0.612150
27441,27560,CUUUAUCACUACCAAGAGUGUGUUAGAGGUACAACAGUACUUUUAAAAGAACCUUGCUCUUCUGGAACAUACGAGGGCAAUUCACCAUUUCAUCCUCUAGCUGAUAACAAAUUUGCACUG,..((((((((....((((..((((((((((((....))))))))))..(((..((((((((.((.....)).))))))))))).......))..)))))).)))))).............,-1.780000,0.608567
27521,27640,UUCACCAUUUCAUCCUCUAGCUGAUAACAAAUUUGCACUGACUUGCUUUAGCACUCAAUUUGCUUUUGCUUGUCCUGACGGCGUAAAACACGUCUAUCAGUUACGUGCCAGAUCAGUUUC,..................(((((((.........((((.(((..((...((((.......))))...))..)))((((.(((((.....)))))..))))....))))...)))))))..,-2.090000,0.940460
28758,28877,UCAAGGAACAACAUUGCCAAAAGGCUUCUACGCAGAAGGGAGCAGAGGCGGCAGUCAAGCCUCUUCUCGUUCCUCAUCACGUAGUCGCAACAGUUCAAGAAAUUCAACUCCAGGCAGCAG,.............(((((.....((..(((((.....(((((((((((.(((......))).))))).)))))).....)))))..))...((((.((....)).))))...)))))...,-3.570000,0.909790
28838,28957,GUAGUCGCAACAGUUCAAGAAAUUCAACUCCAGGCAGCAGUAGGGGAACUUCUCCUGCUAGAAUGGCUGGCAAUGGCGGUGAUGCUGCUCUUGCUUUGCUGCUGCUUGACAGAUUGAACC,.(((((.....((((.((....)).)))).((((((((((((((((.....)))))))).....(((.(((((.(((((.....))))).)))))..)))))))))))...)))))....,-2.640000,0.991752
28958,29077,AGCUUGAGAGCAAAAUGUCUGGUAAAGGCCAACAACAACAAGGCCAAACUGUCACUAAGAAAUCUGCUGCUGAGGCUUCUAAGAAGCCUCGGCAAAAACGUACUGCCACUAAAGCAUACA,.((((.((.(((..((((..((((..((((...........))))...((.......)).....))))(((((((((((...)))))))))))....))))..)))..)).)))).....,-2.780000,0.935432
28998,29117,AGGCCAAACUGUCACUAAGAAAUCUGCUGCUGAGGCUUCUAAGAAGCCUCGGCAAAAACGUACUGCCACUAAAGCAUACAAUGUAACACAAGCUUUCGGCAGACGUGGUCCAGAACAAAC,.((((......................((((((((((((...))))))))))))...((((.(((((...(((((................))))).)))))))))))))..........,-4.190000,0.963094
29038,29157,AAGAAGCCUCGGCAAAAACGUACUGCCACUAAAGCAUACAAUGUAACACAAGCUUUCGGCAGACGUGGUCCAGAACAAACCCAAGGAAAUUUUGGGGACCAGGAACUAAUCAGACAAGGA,......(((.(......((((.(((((...(((((................))))).)))))))))(((((.(......)(((((.....))))))))))..............).))).,-0.750000,0.844562
29078,29197,AUGUAACACAAGCUUUCGGCAGACGUGGUCCAGAACAAACCCAAGGAAAUUUUGGGGACCAGGAACUAAUCAGACAAGGAACUGAUUACAAACAUUGGCCGCAAAUUGCACAAUUUGCCC,.................(((...(.((((((.(......)(((((.....))))))))))).)...(((((((........))))))).........)))(((((((....)))))))..,-1.240000,0.979544
29118,29237,CCAAGGAAAUUUUGGGGACCAGGAACUAAUCAGACAAGGAACUGAUUACAAACAUUGGCCGCAAAUUGCACAAUUUGCCCCCAGCGCUUCAGCGUUCUUCGGAAUGUCGCGCAUUGGCAU,((((........(((((.((((....(((((((........)))))))......))))..(((((((....))))))))))))((((....((((((....)))))).)))).))))...,-3.140000,0.937850
29238,29357,GGAAGUCACACCUUCGGGAACGUGGUUGACCUACACAGGUGCCAUCAAAUUGGAUGACAAAGAUCCAAAUUUCAAAGAUCAAGUCAUUUUGCUGAAUAAGCAUAUUGACGCAUACAAAAC,....((((.(((..((....)).)))))))........((((.......((((((.......))))))..............((((...((((.....))))...)))))))).......,-1.580000,0.941215
29278,29397,GCCAUCAAAUUGGAUGACAAAGAUCCAAAUUUCAAAGAUCAAGUCAUUUUGCUGAAUAAGCAUAUUGACGCAUACAAAACAUUCCCACCAACAGAGCCUAAAAAGGACAAAAAGAAGAAG,.........((((((.......)))))).((((.........((((...((((.....))))...))))..........................((((....))).).....))))...,-1.580000,0.935037
29318,29437,AAGUCAUUUUGCUGAAUAAGCAUAUUGACGCAUACAAAACAUUCCCACCAACAGAGCCUAAAAAGGACAAAAAGAAGAAGGCUGAUGAAACUCAAGCCUUACCGCAGAGACAGAAGAAAC,..((((...((((.....))))...))))((........................((((....))).).........((((((((......)).))))))...))...............,-2.400000,0.809072
29398,29511,GCUGAUGAAACUCAAGCCUUACCGCAGAGACAGAAGAAACAGCAAACUGUGACUCUUCUUCCUGCUGCAGAUUUGGAUGAUUUCUCCAAACAAUUGCAACAAUCCAUGAGCAGU,(((.(((................((((.((.((((((.((((....))))...))))))))))))(((((.((((((.(....)))))))...)))))......))).)))...,-2.890000,0.793421
29512,29629,GCUGACUCAACUCAGGCCUAAACUCAUGCAGACCACACAAGGCAGAUGGGCUAUAUAAACGUUUUCGCUUUUCCGUUUACGAUAUAUAGUCUACUCUUGUGCAGAAUGAAUUCUCGUA,.((((......))))........((((........((((((..((.(((((((((((..(((...((......))...))).)))))))))))))))))))....)))).........,-0.270000,0.651921
29550,29669,AAGGCAGAUGGGCUAUAUAAACGUUUUCGCUUUUCCGUUUACGAUAUAUAGUCUACUCUUGUGCAGAAUGAAUUCUCGUAACUACAUAGCACAAGUAGAUGUAGUUAACUUUAAUCUCAC,.(((.((.(((((((((((..(((...((......))...))).))))))))))))))))(((.(((.((((......(((((((((.((....))..)))))))))..)))).)))))),-1.830000,0.989759
29590,29709,ACGAUAUAUAGUCUACUCUUGUGCAGAAUGAAUUCUCGUAACUACAUAGCACAAGUAGAUGUAGUUAACUUUAAUCUCACAUAGCAAUCUUUAAUCAGUGUGUAACAUUAGGGAGGACUU,.........(((((.((((((((.(((.((((......(((((((((.((....))..)))))))))..)))).)))))))...............((((.....)))))))).))))).,-0.350000,0.751949
