40,157,UUUCGAUCUCUUGUAGAUCUGUUCUCUAAACGAACUUUAAAAUCUGUGUGGCUGUCACUCGGCUGCAUGCUUAGUGCACUCACGCAGUAUAAUUAAUAACUAAUUACUGUCGUUGACA,....(((((.....))))).........(((((..........(((((((..((.((((.(((.....))).))))))..)))))))..((((((.....))))))...)))))....,-2.91,0.9982,-4.20
80,197,AAUCUGUGUGGCUGUCACUCGGCUGCAUGCUUAGUGCACUCACGCAGUAUAAUUAAUAACUAAUUACUGUCGUUGACAGGACACGAGUAACUCGUCUAUCUUCUGCAGGCUGCUUACG,...(((((((..((.((((.(((.....))).))))))..)))))))..((((((.....))))))..((.(((..(((((.(((((...))))).....)))))..))).)).....,-0.80,0.9895,-4.50
120,237,CACGCAGUAUAAUUAAUAACUAAUUACUGUCGUUGACAGGACACGAGUAACUCGUCUAUCUUCUGCAGGCUGCUUACGGUUUCGUCCGUGUUGCAGCCGAUCAUCAGCACAUCUAGGU,...((((((..((((.....)))))))))).((((((((((.(((((...))))).....)))))..((((((.(((((......)))))..)))))).....)))))..........,-2.33,0.9891,-3.70
718,837,GAUCCUUAUGAAGAUUUUCAAGAAAACUGGAACACUAAACAUAGCAGUGGUGUUACCCGUGAACUCAUGCGUGAGCUUAACGGAGGGGCAUACACUCGCUAUGUCGAUAACAACUUCUGU,.........((((..(((((.......)))))......(((((((((((((((..(((((...((((....))))....)))).)..)))).)))).))))))).........))))...,-1.76,0.8747,-3.80
918,1037,ACUGGACUUUAUUGACACUAAGAGGGGUGUAUACUGCUGCCGUGAACAUGAGCAUGAAAUUGCUUGGUACACGGAACGUUCUGAAAAGAGCUAUGAAUUGCAGACACCUUUUGAAAUUAA,.....................(((((((((...((((..(((((.((.((((((......)))))))).)))))...(((((....)))))........)))))))))))))........,-4.38,0.9994,-4.00
1158,1277,UAGAAUUCGAUCUGUCUAUCCAGUUGCGUCACCAAAUGAAUGCAACCAAAUGUGCCUUUCAACUCUCAUGAAGUGUGAUCAUUGUGGUGAAACUUCAUGGCAGACGGGCGAUUUUGUUAA,..(((.(((.(((((((.....(((((((((.....)).)))))))...................(((((((((.(.(((.....))).).))))))))).)))))))))).))).....,-1.29,0.8787,-2.90
1198,1317,UGCAACCAAAUGUGCCUUUCAACUCUCAUGAAGUGUGAUCAUUGUGGUGAAACUUCAUGGCAGACGGGCGAUUUUGUUAAAGCCACUUGCGAAUUUUGUGGCACUGAGAAUUUGACUAAA,......((((((((((...(((....((((((((.(.(((.....))).).))))))))((((...(((............)))..)))).....))).))))).....)))))......,-0.42,0.9099,-3.00
1238,1357,AUUGUGGUGAAACUUCAUGGCAGACGGGCGAUUUUGUUAAAGCCACUUGCGAAUUUUGUGGCACUGAGAAUUUGACUAAAGAAGGUGCCACUACUUGUGGUUACUUACCCCAAAAUGCUG,.((((.((((....)))).))))...(((.((((((.....(((((...........)))))....................(((((((((.....)))).)))))....))))))))).,-0.75,0.9809,-3.30
1598,1717,GUCUUAAUGACAACCUUCUUGAAAUACUCCAAAAAGAGAAAGUCAACAUCAAUAUUGUUGGUGACUUUAAACUUAAUGAAGAGAUCGCCAUUAUUUUGGCAUCUUUUUCUGCUUCCACAA,(((.....)))...((((((((....(((......)))(((((((.((.((....)).)).)))))))....)))).))))((((.((((......))))))))................,-2.00,0.9554,-2.90
1638,1757,AGUCAACAUCAAUAUUGUUGGUGACUUUAAACUUAAUGAAGAGAUCGCCAUUAUUUUGGCAUCUUUUUCUGCUUCCACAAGUGCUUUUGUGGAAACUGUGAAAGGUUUGGAUUAUAAAGC,...(((((.......)))))((((.(((((((((...((((((((.((((......))))))))))))....(((((((((....)))))))))........))))))))))))).....,-2.86,0.7802,-2.80
1718,1837,GUGCUUUUGUGGAAACUGUGAAAGGUUUGGAUUAUAAAGCAUUCAAACAAAUUGUUGAAUCCUGUGGUAAUUUUAAAGUUACAAAAGGAAAAGCUAAAAAAGGUGCCUGGAAUAUUGGUG,...((((..((....).)..))))((((((((........)))))))).....(((...((((...((((((....))))))...))))..)))..........(((.........))).,-0.71,0.6806,-3.70
2118,2237,CACUGUUUAUGAAAAACUCAAACCCGUCCUUGAUUGGCUUGAAGAGAAGUUUAAGGAAGGUGUAGAGUUUCUUAGAGACGGUUGGGAAAUUGUUAAAUUUAUCUCAACCUGUGCUUGUGA,(((.((((.(((.((((((..(((..(((((((...((((......))))))))))).)))...)))))).))).))))((((((((((((....))))..)))))))).......))).,-2.75,0.9478,-3.40
2478,2585,AAUUAUCUUCUUAGAGGGAGAAACACUUCCCACAGAAGUGUUAACAGAGGAAGUUGUCUUGAAAACUGGUGAUUUACAACCAUUAGAACAACCUACUAGUGAAGCUGU,.....((((((....))))))((((((((.....))))))))..((.((...(((((..(((....((((........)))))))..)))))...))..)).......,-0.41,0.6656,-4.50
2518,2625,UUAACAGAGGAAGUUGUCUUGAAAACUGGUGAUUUACAACCAUUAGAACAACCUACUAGUGAAGCUGUUGAAGCUCCAUUGGUUGGUACACCAGUUUGUAUUAACGGG,............((((......(((((((((.((((.......))))...(((.(((((((.((((.....)))).))))))).))).)))))))))....))))...,-1.93,0.9824,-4.20
2903,3022,UAAAAACUUUGCAACCAGUAUCUGAAUUACUUACACCACUGGGCAUUGAUUUAGAUGAGUGGAGUAUGGCUACAUACUACUUAUUUGAUGAGUCUGGUGAGUUUAAAUUGGCUUCACAUA,..............((((((.......)))(((.(((((..(((.((...((((((((((..((((((....)))))))))))))))).)))))..))).)).)))..))).........,-0.97,0.9913,-4.00
2943,3062,GGGCAUUGAUUUAGAUGAGUGGAGUAUGGCUACAUACUACUUAUUUGAUGAGUCUGGUGAGUUUAAAUUGGCUUCACAUAUGUAUUGUUCUUUCUACCCUCCAGAUGAGGAUGAAGAAGA,..((((((..((((((((((..((((((....))))))))))))))))((((.(..((........))..).)))))).))))....((((((....((((.....))))..))))))..,-0.32,0.9939,-4.50
3094,3210,UCAACUCAAUAUGAGUAUGGUACUGAAGAUGAUUACCAAGGUAAACCUUUGGAAUUUGGUGCCACUUCUGCUGCUCUUCAACCUGAAGAAGAGCAAGAAGAAGAUUGGUUAGAUGAU,(((((((.....)))).((((((..((........((((((.....))))))..))..))))))(((((..((((((((........))))))))...)))))..........))).,-3.59,0.8924,-3.30
3371,3490,ACAAUGUAUACAUUAAAAAUGCAGACAUUGUGGAAGAAGCUAAAAAGGUAAAACCAACAGUGGUUGUUAAUGCAGCCAAUGUUUACCUUAAACAUGGAGGAGGUGUUGCAGGAGCCUUAA,(((((((...(((.....)))...))))))).......(((......((((.(((((((.(((((((....))))))).))))..((((.......)))).))).))))...))).....,-1.86,0.5106,-4.10
3491,3607,AUAAGGCUACUAACAAUGCCAUGCAAGUUGAAUCUGAUGAUUACAUAGCUACUAAUGGACCACUUAAAGUGGGUGGUAGUUGUGUUUUAAGCGGACACAAUCUUGCUAAACACUGUC,....(((..........)))..((((((((..((((...(..((((((((((((.....((((.....)))).))))))))))))..)...))))..))).)))))...........,-3.58,0.5201,-3.60
3808,3897,CUCUAUGACAAACUUGUUUCAAGCUUUUUGGAAAUGAAGAGUGAAAAGCAAGUUGAACAAAAGAUCGCUGAGAUUCCUAAAGAGGAAGUU,(((..(((..(((((((((...(((((((......)))))))...)))))))))..........)))..))).(((((....)))))...,-1.32,0.9829,-4.00
4054,4173,CAUCCAGAUUCUGCCACUCUUGUUAGUGACAUUGACAUCACUUUCUUAAAGAAAGAUGCUCCAUAUAUAGUGGGUGAUGUUGUUCAAGAGGGUGUUUUAACUGCUGUGGUUAUACCUACU,....(((.....(((.((((((..((..(((((.......(((((.....)))))..((.((((.....)))))))))))..))))))))))).......)))..((((......)))).,-0.02,0.8408,-3.00
4094,4213,CUUUCUUAAAGAAAGAUGCUCCAUAUAUAGUGGGUGAUGUUGUUCAAGAGGGUGUUUUAACUGCUGUGGUUAUACCUACUAAAAAGGCUGGUGGCACUACUGAAAUGCUAGCGAAAGCUU,..(((((.((.((...(((.((((.....)))))))...)).)).)))))(((((((((......(((((..((((..((.....))..))))..))))))))))))))(((....))).,0.40,0.9576,-4.80
4134,4253,UGUUCAAGAGGGUGUUUUAACUGCUGUGGUUAUACCUACUAAAAAGGCUGGUGGCACUACUGAAAUGCUAGCGAAAGCUUUGAGAAAAGUGCCAACAGACAAUUAUAUAACCACUUACCC,.........(((((...........((((((((((((.......)))(((.(((((((.((.((.....(((....))))).))...))))))).))).......))))))))).))))),-2.68,0.8796,-3.90
4174,4293,AAAAAGGCUGGUGGCACUACUGAAAUGCUAGCGAAAGCUUUGAGAAAAGUGCCAACAGACAAUUAUAUAACCACUUACCCGGGUCAGGGUUUAAAUGGUUACACUGUAGAGGAGGCAAAG,.....(.(((.(((((((.((.((.....(((....))))).))...))))))).))).)..(((((((((((...((((......)))).....))))))...)))))...........,-1.33,0.9933,-5.70
4214,4333,UGAGAAAAGUGCCAACAGACAAUUAUAUAACCACUUACCCGGGUCAGGGUUUAAAUGGUUACACUGUAGAGGAGGCAAAGACAGUGCUUAAAAAGUGUAAAAGUGCCUUUUACAUUCUAC,..((((.((((................((((((...((((......)))).....))))))))))(((((..(((((...(((.(........).))).....)))))))))).))))..,-0.39,0.9403,-3.80
4294,4413,ACAGUGCUUAAAAAGUGUAAAAGUGCCUUUUACAUUCUACCAUCUAUUAUCUCUAAUGAGAAGCAAGAAAUUCUUGGAACUGUUUCUUGGAAUUUGCGAGAAAUGCUUGCACAUGCAGAA,.............((((((((((...))))))))))......(((....((((....)))).(((..(((((((.((((....)))).)))))))(((((.....)))))...)))))).,-1.18,0.8001,-3.90
4534,4653,UUUUACACCAGUAAAACAACUGUAGCGUCACUUAUCAACACACUUAACGAUCUAAAUGAAACUCUUGUUACAAUGCCACUUGGCUAUGUAACACAUGGCUUAAAUUUGGAAGAAGCUGCU,((((((....)))))).....(((((.((.....((............))(((((((..((..(.(((((((..(((....)))..)))))))...)..))..))))))).)).))))).,-2.05,0.9895,-4.70
4574,4693,CACUUAACGAUCUAAAUGAAACUCUUGUUACAAUGCCACUUGGCUAUGUAACACAUGGCUUAAAUUUGGAAGAAGCUGCUCGGUAUAUGAGAUCUCUCAAAGUGCCAGCUACAGUUUCUG,..........(((((((..((..(.(((((((..(((....)))..)))))))...)..))..)))))))((((((((((.(((((.((((....))))..))))))))...))))))).,-3.73,0.9710,-3.20
4931,5050,UUAAGACACUUCUUUCUUUGAGAGAAGUGAGGACUAUUAAGGUGUUUACAACAGUAGACAACAUUAACCUCCACACGCAAGUUGUGGACAUGUCAAUGACAUAUGGACAACAGUUUGGUC,......((((((((((...))))))))))..(((((((((..(((((((....)))))))...))))(((((((((....).)))))).(((((...)))))..)).........))))),-3.34,0.5000,-5.00
4971,5090,GGUGUUUACAACAGUAGACAACAUUAACCUCCACACGCAAGUUGUGGACAUGUCAAUGACAUAUGGACAACAGUUUGGUCCAACUUAUUUGGAUGGAGCUGAUGUUACUAAAAUAAAACC,(((((((((....))))))(((((...(((((((((....).)))))).(((((...)))))..))....((((((.((((((.....)))))).)))))))))))...........))),-3.72,0.9325,-5.70
5011,5130,GUUGUGGACAUGUCAAUGACAUAUGGACAACAGUUUGGUCCAACUUAUUUGGAUGGAGCUGAUGUUACUAAAAUAAAACCUCAUAAUUCACAUGAAGGUAAAACAUUUUAUGUUUUACCU,..((((((.(((((...)))))...((((.((((((.((((((.....)))))).)))))).))))....................))))))...(((((((((((...))))))))))),-4.19,0.9628,-4.70
5211,5330,AUUAAAUCACACUAAAAAGUGGAAAUACCCACAAGUUAAUGGUUUAACUUCUAUUAAAUGGGCAGAUAACAACUGUUAUCUUGCCACUGCAUUGUUAACACUCCAACAAAUAGAGUUGAA,.........((.(((...((((......))))...))).)).(((((((.(((((.....((((((((((....)))))).)))).......((((........)))))))))))))))),-2.76,0.9979,-6.00
5251,5370,GGUUUAACUUCUAUUAAAUGGGCAGAUAACAACUGUUAUCUUGCCACUGCAUUGUUAACACUCCAACAAAUAGAGUUGAAGUUUAAUCCACCUGCUCUACAAGAUGCUUAUUACAGAGCA,((...((((((.(((.....((((((((((....)))))).)))).(((..(((((........))))).)))))).))))))....))....(((((..((........))..))))).,-2.28,0.9118,-3.90
5291,5410,UUGCCACUGCAUUGUUAACACUCCAACAAAUAGAGUUGAAGUUUAAUCCACCUGCUCUACAAGAUGCUUAUUACAGAGCAAGGGCUGGUGAAGCUGCUAACUUUUGUGCACUUAUCUUAG,.......(((((((((........)))))..(((((((.(((((....((((.(((((......(((((......)))))))))).)))))))))..)))))))..))))..........,-0.10,0.6060,-3.40
5331,5450,GUUUAAUCCACCUGCUCUACAAGAUGCUUAUUACAGAGCAAGGGCUGGUGAAGCUGCUAACUUUUGUGCACUUAUCUUAGCCUACUGUAAUAAGACAGUAGGUGAGUUAGGUGAUGUUAG,........((((.(((((......(((((......)))))))))).))))......(((((.......((((((.((((.((((((((......)))))))))))).))))))..))))),-2.53,0.9901,-4.30
5451,5570,AGAAACAAUGAGUUACUUGUUUCAACAUGCCAAUUUAGAUUCUUGCAAAAGAGUCUUGAACGUGGUGUGUAAAACUUGUGGACAACAGCAGACAACCCUUAAGGGUGUAGAAGCUGUUAU,.(((((((........))))))).((((((((....((((((((....))))))))......)))))))).............((((((..(((.(((....))))))....))))))..,-3.54,0.6309,-3.70
5651,5770,AUCUAGUACAACAGGAGUCACCUUUUGUUAUGAUGUCAGCACCACCUGCUCAGUAUGAACUUAAGCAUGGUACAUUUACUUGUGCUAGUGAGUACACUGGUAAUUACCAGUGUGGUCACU,...((((((((((((((....))))))))..(((((....((((..((((.(((....)))..))))))))))))).....))))))((((.(((((((((....))))))))).)))).,-2.77,0.9922,-6.00
5691,5810,ACCACCUGCUCAGUAUGAACUUAAGCAUGGUACAUUUACUUGUGCUAGUGAGUACACUGGUAAUUACCAGUGUGGUCACUAUAAACAUAUAACUUCUAAAGAAACUUUGUAUUGCAUAGA,...(((((((.(((....)))..)))).)))........((((((((((((.(((((((((....))))))))).)))))).....((((((.(((....)))...)))))).)))))).,-3.18,0.9306,-5.40
5731,5850,UGUGCUAGUGAGUACACUGGUAAUUACCAGUGUGGUCACUAUAAACAUAUAACUUCUAAAGAAACUUUGUAUUGCAUAGACGGUGCUUUACUUACAAAGUCCUCAGAAUACAAAGGUCCU,(((..((((((.(((((((((....))))))))).))))))...))).................(((((((((.(...((.((.(((((......))))))))).)))))))))).....,-3.51,0.8666,-2.80
6011,6130,CAAACCAACCAUAUCCAAACGCAAGCUUCGAUAAUUUUAAGUUUGUAUGUGAUAAUAUCAAAUUUGCUGAUGAUUUAAACCAGUUAACUGGUUAUAAGAAACCUGCUUCAAGAGAGCUUA,...........((((((...((((((((.((....)).)))))))).)).)))).(((((.......))))).....((((((....))))))...........((((.....))))...,-1.25,0.7847,-3.80
6091,6210,CAGUUAACUGGUUAUAAGAAACCUGCUUCAAGAGAGCUUAAAGUUACAUUUUUCCCUGACUUAAAUGGUGAUGUGGUGGCUAUUGAUUAUAAACACUACACACCCUCUUUUAAGAAAGGA,..((.((((((((......)))).((((.....))))....)))))).......(((..((((((.((((.(((((((..(((.....)))..)))))))))))....))))))..))).,-2.57,0.9392,-4.30
6131,6250,AAGUUACAUUUUUCCCUGACUUAAAUGGUGAUGUGGUGGCUAUUGAUUAUAAACACUACACACCCUCUUUUAAGAAAGGAGCUAAAUUGUUACAUAAACCUAUUGUUUGGCAUGUUAACA,..(((((((.....(((..((((((.((((.(((((((..(((.....)))..)))))))))))....))))))..))).(((((((.(((.....))).....)))))))))).)))).,-3.29,0.5692,-3.00
6211,6330,GCUAAAUUGUUACAUAAACCUAUUGUUUGGCAUGUUAACAAUGCAACUAAUAAAGCCACGUAUAAACCAAAUACCUGGUGUAUACGUUGUCUUUGGAGCACAAAACCAGUUGAAACAUCA,(((..((((((((((...((........)).))).)))))))........((((((.(((((((.((((......)))).))))))).).))))).))).....................,-1.03,0.9975,-5.90
6251,6370,AUGCAACUAAUAAAGCCACGUAUAAACCAAAUACCUGGUGUAUACGUUGUCUUUGGAGCACAAAACCAGUUGAAACAUCAAAUUCGUUUGAUGUACUGAAGUCAGAGGACGCGCAGGGAA,.(((......((((((.(((((((.((((......)))).))))))).).)))))..((.......((((....((((((((....))))))))))))..(((....)))))))).....,-2.52,0.9985,-5.80
6411,6530,AGAAGUAGUGGAAAAUCCUACCAUACAGAAAGACGUUCUUGAGUGUAAUGUGAAAACUACCGAAGUUGUAGGAGACAUUAUACUUAAACCAGCAAAUAAUAGUUUAAAAAUUACAGAAGA,....(((((((.....))................(((.(((((((((((((.....((((.......))))...)))))))))))))...)))................)))))......,-1.10,0.9224,-4.30
6451,6570,GAGUGUAAUGUGAAAACUACCGAAGUUGUAGGAGACAUUAUACUUAAACCAGCAAAUAAUAGUUUAAAAAUUACAGAAGAGGUUGGCCACACAGAUCUAAUGGCUGCUUAUGUAGACAAU,(((((((((((.....((((.......))))...))))))))))).........................(((((....((((.(((((...........))))))))).))))).....,-0.83,0.9807,-4.70
6611,6730,UAUUAGGUUUGAAAACCCUUGCUACUCAUGGUUUAGCUGCUGUUAAUAGUGUCCCUUGGGAUACUAUAGCUAAUUAUGCUAAGCCUUUUCUUAACAAAGUUGUUAGUACAACUACUAACA,.....((((....))))............((((((((....((((.((((((((....)))))))))))).......))))))))...............((((((((....)))))))),-2.94,0.7207,-3.80
6971,7090,UAAGUGUUUGCCUAGGUUCUUUAAUCUACUCAACCGCUGCUUUAGGUGUUUUAAUGUCUAAUUUAGGCAUGCCUUCUUACUGUACUGGUUACAGAGAAGGCUAUUUGAACUCUACUAAUG,..((((.(((..((((((....))))))..))).))))....((((.((((..(((((((...)))))))(((((((..(((((.....)))))))))))).....))))))))......,-1.90,0.9632,-3.50
7011,7130,UUUAGGUGUUUUAAUGUCUAAUUUAGGCAUGCCUUCUUACUGUACUGGUUACAGAGAAGGCUAUUUGAACUCUACUAAUGUCACUAUUGCAACCUACUGUACUGGUUCUAUACCUUGUAG,..(((((((..(((((((((...)))))))(((((((..(((((.....)))))))))))).......................))..)).)))))...(((.(((.....)))..))).,-1.36,0.9989,-4.70
7051,7170,UGUACUGGUUACAGAGAAGGCUAUUUGAACUCUACUAAUGUCACUAUUGCAACCUACUGUACUGGUUCUAUACCUUGUAGUGUUUGUCUUAGUGGUUUAGAUUCUUUAGACACCUAUCCU,(((.(((....))).(((((..((((((((...((....))(((((..(((((((((......(((.....)))..)))).).))))..))))))))))))))))))..)))........,0.99,0.9960,-4.40
7131,7250,UGUUUGUCUUAGUGGUUUAGAUUCUUUAGACACCUAUCCUUCUUUAGAAACUAUACAAAUUACCAUUUCAUCUUUUAAAUGGGAUUUAACUGCUUUUGGCUUAGUUGCAGAGUGGUUUUU,.((((((..((((.(((((((...)))))))..(((........)))..)))).))))))..((((((........)))))).....(((..(((...((......)).)))..)))...,-0.12,0.9920,-3.50
7171,7290,UCUUUAGAAACUAUACAAAUUACCAUUUCAUCUUUUAAAUGGGAUUUAACUGCUUUUGGCUUAGUUGCAGAGUGGUUUUUGGCAUAUAUUCUUUUCACUAGGUUUUUCUAUGUACUUGGA,...(((((((((((..(((((.((((((........)))))))))))..((((..(((...)))..)))).)))))))))))...............((((((..........)))))).,-0.53,0.9453,-3.10
7451,7570,GUUAUGUGCAUGUUGUAGACGGUUGUAAUUCAUCAACUUGUAUGAUGUGUUACAAACGUAAUAGAGCAACAAGAGUCGAAUGUACAACUAUUGUUAAUGGUGUUAGAAGGUCCUUUUAUG,....((((((((((((..(((.(((((((.(((((.......))))).))))))).)))......)))))).........))))))(((((.....)))))..((((((...))))))..,0.00,0.6853,-3.40
7771,7890,CUUUACUUUGAUAAAGCUGGUCAAAAGACUUAUGAAAGACAUUCUCUCUCUCAUUUUGUUAACUUAGACAACCUGAGAGCUAAUAACACUAAAGGUUCAUUGCCUAUUAAUGUUAUAGUU,.....((((.((((..((.......))..)))).)))).........((((((..(((((......)))))..))))))...((((((.(((((((.....)))).))).))))))....,-1.93,0.9674,-3.90
8091,8210,CAAAACACUAGUUGCAACUGCAGAAGCUGAACUUGCAAAGAAUGUGUCCUUAGACAAUGUCUUAUCUACUUUUAUUUCAGCAGCUCGGCAAGGGUUUGUUGAUUCAGAUGUAGAAACUAA,........(((((((((...(((...)))...)))).((((...((((....))))...)))).(((((.(((...((((((((((.....))).)))))))...))).)))))))))).,-0.83,0.8855,-3.10
8291,8410,CCUAUAACAAAGUUGAAAACAUGACACCCCGUGACCUUGGUGCUUGUAUUGACUGUAGUGCGCGUCAUAUUAAUGCGCAGGUAGCAAAAAGUCACAACAUUGCUUUGAUAUGGAACGUUA,.(((((.((((((((.......(......)(((((.(((.(((((((((((....))))))(((.(((....))))))))))).)))...)))))..))..)))))).))))).......,-0.54,0.5000,-4.80
8690,8809,ACAAGGCUAUUGAUGGUGGUGUCACUCGUGACAUAGCAUCUACAGAUACUUGUUUUGCUAACAAACAUGCUGAUUUUGACACAUGGUUUAGCCAGCGUGGUGGUAGUUAUACUAAUGACA,(((((.((...((((.((.(((((....))))))).))))...))...)))))..(((((.....(((((((.....(((.....)))....))))))).)))))(((((....))))).,-0.49,0.8589,-3.50
8850,8969,GGGUUUUGUCGUGCCUGGUUUGCCUGGCACGAUAUUACGCACAACUAAUGGUGACUUUUUGCAUUUCUUACCUAGAGUUUUUAGUGCAGUUGGUAACAUCUGUUACACACCAUCAAAACU,(.((..(((((((((.((....)).)))))))))..)).).......((((((.....(((((((....((.....))....)))))))...(((((....))))).)))))).......,-4.03,0.8076,-3.30
9210,9329,GUACUGUAGGCACGGCACUUGUGAAAGAUCAGAAGCUGGUGUUUGUGUAUCUACUAGUGGUAGAUGGGUACUUAACAAUGAUUAUUACAGAUCUUUACCAGGAGUUUUCUGUGGUGUAGA,(((((.(((((((.(..(((.(((....))).))).).)))))))..(((((((.....))))))))))))...........(((((((((.((((....))))...)))))))))....,-0.31,0.9393,-3.70
9250,9369,GUUUGUGUAUCUACUAGUGGUAGAUGGGUACUUAACAAUGAUUAUUACAGAUCUUUACCAGGAGUUUUCUGUGGUGUAGAUGCUGUAAAUUUACUUACUAAUAUGUUUACACCACUAAUU,(((...((((((((((....))).)))))))..)))..........(((((.((((....))))...)))))(((((((((...((((......))))......))))))))).......,-0.53,0.9341,-4.70
9410,9529,CUGGUGGUAUUGUAGCUAUCGUAGUAACAUGCCUUGCCUACUAUUUUAUGAGGUUUAGAAGAGCUUUUGGUGAAUACAGUCAUGUAGUUGCCUUUAAUACUUUACUAUUCCUUAUGUCAU,..((((((((.((.((((...)))).)))))))..)))........(((((((..(((.((((..((.((..(.((((....)))).)..))...))..)))).)))..)))))))....,-1.74,0.9402,-3.60
9610,9729,CUUACUAAUGAUGUUUCUUUUUUAGCACAUAUUCAGUGGAUGGUUAUGUUCACACCUUUAGUACCUUUCUGGAUAACAAUUGCUUAUAUCAUUUGUAUUUCCACAAAGCAUUUCUAUUGG,.......(((.((((........))))))).....((((((......)))))).((..(((...((((.((((..((((.((.......)).))))...)))).)))).....)))..)),-0.85,0.9318,-4.00
10130,10249,CACUUAACGGUCUUUGGCUUGAUGACGUAGUUUACUGUCCAAGACAUGUGAUCUGCACCUCUGAAGACAUGCUUAACCCUAAUUAUGAAGAUUUACUCAUUCGUAAGUCUAAUCAUAAUU,.........(((((..((.....)..((((.((((((((...)))).)))).))))....)..)))))............((((((((((((((((......))))))))..)))))))),-2.64,0.6917,-2.90
10450,10569,AAUUUCACUAUUAAGGGUUCAUUCCUUAAUGGUUCAUGUGGUAGUGUUGGUUUUAACAUAGAUUAUGACUGUGUCUCUUUUUGUUACAUGCACCAUAUGGAAUUACCAACUGGAGUUCAU,......(((((((((((.....))))))))))).((((((((.((((........((((((.......))))))...........))))..))))))))(((((.((....)))))))..,-2.71,0.6266,-2.90
10850,10969,CUUCAUUAAAAGAAUUACUGCAAAAUGGUAUGAAUGGACGUACCAUAUUGGGUAGUGCUUUAUUAGAAGAUGAAUUUACACCUUUUGAUGUUGUUAGACAAUGCUCAGGUGUUACUUUCC,((((....((((.((((((.(((.((((((((......)))))))).))))))))).))))....))))..(((...((((((...(.(((((.....))))))..))))))....))).,-2.67,0.9204,-3.80
10930,11049,CCUUUUGAUGUUGUUAGACAAUGCUCAGGUGUUACUUUCCAAAGUGCAGUGAAAAGAACAAUCAAGGGUACACACCACUGGUUGUUACUCACAAUUUUGACUUCACUUUUAGUUUUAGUC,...((((((((((.....))))).)))))((..(((....((((((.(((.((((.((((((((..(((....)))..))))))))........)))).))).)))))).)))..))...,0.29,0.8497,-3.30
10970,11089,AAAGUGCAGUGAAAAGAACAAUCAAGGGUACACACCACUGGUUGUUACUCACAAUUUUGACUUCACUUUUAGUUUUAGUCCAGAGUACUCAAUGGUCUUUGUUCUUUUUUUUGUAUGAAA,...((((((.(((((((((((.((..(((....)))..))((((.(((((...(((..((((........))))..)))...)))))..)))).....))))))))))).))))))....,-1.44,0.9918,-4.00
11010,11129,GUUGUUACUCACAAUUUUGACUUCACUUUUAGUUUUAGUCCAGAGUACUCAAUGGUCUUUGUUCUUUUUUUUGUAUGAAAAUGCCUUUUUACCUUUUGCUAUGGGUAUUAUUGCUAUGUC,..((.(((((...(((..((((........))))..)))...)))))..))(((((................((((....)))).....(((((........))))).....)))))...,0.12,0.9218,-3.40
11050,11169,CAGAGUACUCAAUGGUCUUUGUUCUUUUUUUUGUAUGAAAAUGCCUUUUUACCUUUUGCUAUGGGUAUUAUUGCUAUGUCUGCUUUUGCAAUGAUGUUUGUCAAACAUAAGCAUGCAUUU,(((((.(((....))))))))..........((((((.....((..(..(((((........)))))..)..))(((((.(((....))).((((....)))).)))))..))))))...,-0.33,0.9766,-5.20
11090,11209,AUGCCUUUUUACCUUUUGCUAUGGGUAUUAUUGCUAUGUCUGCUUUUGCAAUGAUGUUUGUCAAACAUAAGCAUGCAUUUCUCUGUUUGUUUUUGUUACCUUCUCUUGCCACUGUAGCUU,.................(((((((.(((((((((...(....)....))))))))).......((((.(((((.(((......))).))))).))))..............)))))))..,-1.63,0.9549,-4.90
11210,11329,AUUUUAAUAUGGUCUAUAUGCCUGCUAGUUGGGUGAUGCGUAUUAUGACAUGGUUGGAUAUGGUUGAUACUAGUUUGUCUGGUUUUAAGCUAAAAGACUGUGUUAUGUAUGCAUCAGCUG,..........(((......)))........((.((((((((((.(((((((((((......(.((((.(((((.....))))).)))).).....))))))))))))))))))))).)).,-3.42,0.5587,-3.60
11650,11769,CUCUUUUGUUUACUCAACCGCUACUUUAGACUGACUCUUGGUGUUUAUGAUUACUUAGUUUCUACACAGGAGUUUAGAUAUAUGAAUUCACAGGGACUACUCCCACCCAAGAAUAGCAUA,...................((((.(((...((((((((((.(((....((((....))))...))))))))).))))...............((((....)))).....))).))))...,-0.16,0.7238,-3.20
11690,11809,GUGUUUAUGAUUACUUAGUUUCUACACAGGAGUUUAGAUAUAUGAAUUCACAGGGACUACUCCCACCCAAGAAUAGCAUAGAUGCCUUCAAACUCAACAUUAAAUUGUUGGGUGUUGGUG,(((((((((....(((.............(((((((......)))))))...((((....))))....))).....)))))))))..((((((((((((......)))))))).))))..,-1.17,0.9126,-3.60
11730,11849,UAUGAAUUCACAGGGACUACUCCCACCCAAGAAUAGCAUAGAUGCCUUCAAACUCAACAUUAAAUUGUUGGGUGUUGGUGGCAAACCUUGUAUCAAAGUAGCCACUGUACAGUCUAAAAU,...((....((((((.(((((......((((...........((((.((((((((((((......)))))))).)))).))))...))))......))))))).))))....))......,-1.59,0.9419,-4.10
12370,12489,AUGCUUAGAAAGUUGGAUAAUGAUGCACUCAACAACAUUAUCAACAAUGCAAGAGAUGGUUGUGUUCCCUUGAACAUAAUACCUCUUACAACAGCAGCCAAACUAAUGGUUGUCAUACCA,...........(((((((((((.((.......)).)))))))........(((((...(((((((((....)))))))))..))))).)))).(((((((......))))))).......,-3.01,0.8922,-4.80
12570,12689,AGAUGCAGAUAGUAAAAUUGUUCAACUUAGUGAAAUUAGUAUGGACAAUUCACCUAAUUUAGCAUGGCCUCUUAUUGUAACAGCUUUAAGGGCCAAUUCUGCUGUCAAAUUACAGAAUAA,.(((((((((((...((((((((((((..........))).)))))))))...)))........(((((.((((..((....))..)))))))))..))))).)))..............,-2.80,0.5179,-3.20
12610,12729,AUGGACAAUUCACCUAAUUUAGCAUGGCCUCUUAUUGUAACAGCUUUAAGGGCCAAUUCUGCUGUCAAAUUACAGAAUAAUGAGCUUAGUCCUGUUGCACUACGACAGAUGUCUUGUGCU,..((((((((((............(((((.((((..((....))..)))))))))((((((.((......))))))))..)))).)).))))....((((...(((....)))..)))).,-1.94,0.9775,-2.80
13369,13487,GUCUGUACCGUCUGCGGUAUGUGGAAAGGUUAUGGCUGUAGUUGUGAUCAACUCCGCGAACCCAUGCUUCAGUCAGCUGAUGCACAAUCGUUUUUAAACGGGUUUGCGGUGUAAGUGCA,.(((((((((....))))))..)))..(((((..((....))..))))).((.((((((((((.(((.((((....)))).))).....(((....))))))))))))).)).......,-3.66,0.9974,-3.70
13409,13527,GUUGUGAUCAACUCCGCGAACCCAUGCUUCAGUCAGCUGAUGCACAAUCGUUUUUAAACGGGUUUGCGGUGUAAGUGCAGCCCGUCUUACACCGUGCGGCACAGGCACUAGUACUGAUG,((((....)))).((((((((((.(((.((((....)))).))).....(((....)))))))))((((((((((.((.....))))))))))))))))..(((((....)).)))...,-2.35,0.9870,-3.00
13646,13765,CUUUGUAGUUAAGAGACACACUUUCUCUAACUACCAACAUGAAGAAACAAUUUAUAAUUUACUUAAGGAUUGUCCAGCUGUUGCUAAACAUGACUUCUUUAAGUUUAGAAUAGACGGUGA,....(((((((.((((.......)))))))))))............((..(((((..(..(((((((((.(((..(((....)))..))).....)))))))))..)..)))))..))..,-1.75,0.5983,-2.90
13686,13805,GAAGAAACAAUUUAUAAUUUACUUAAGGAUUGUCCAGCUGUUGCUAAACAUGACUUCUUUAAGUUUAGAAUAGACGGUGACAUGGUACCACAUAUAUCACGUCAACGUCUUACUAAAUAC,....................(((((((((.(((..(((....)))..))).....)))))))))((((...(((((.((((.(((((.......))))).)))).)))))..))))....,-3.10,0.9779,-3.50
13806,13925,ACAAUGGCAGACCUCGUCUAUGCUUUAAGGCAUUUUGAUGAAGGUAAUUGUGACACAUUAAAAGAAAUACUUGUCACAUACAAUUGUUGUGAUGAUGAUUAUUUCAAUAAAAAGGACUGG,(((((.....((((((((.(((((....)))))...)))).)))).)))))............((((((.(..((((((((....).)))).)))..).))))))...............,-1.73,0.9399,-3.00
13886,14005,CAAUUGUUGUGAUGAUGAUUAUUUCAAUAAAAAGGACUGGUAUGAUUUUGUAGAAAACCCAGAUAUAUUACGCGUAUACGCCAACUUAGGUGAACGUGUACGCCAAGCUUUGUUAAAAAC,...((((((.(((((...))))).))))))((((..((((..................)))).........(((((((((...((....))...)))))))))....)))).........,-0.37,0.9892,-3.10
13926,14045,UAUGAUUUUGUAGAAAACCCAGAUAUAUUACGCGUAUACGCCAACUUAGGUGAACGUGUACGCCAAGCUUUGUUAAAAACAGUACAAUUCUGUGAUGCCAUGCGAAAUGCUGGUAUUGUU,...................((((.....((((((((((((...((....))...))))))))).......(((.....))))))....)))).(((((((.((.....)))))))))...,-0.71,0.5439,-3.20
14006,14125,AGUACAAUUCUGUGAUGCCAUGCGAAAUGCUGGUAUUGUUGGUGUACUGACAUUAGAUAAUCAAGAUCUCAAUGGUAACUGGUAUGAUUUCGGUGAUUUCAUACAAACCACGCCAGGUAG,((((((.....(..((((((.((.....))))))))..)...))))))..((((((((.......)))).))))....((((..((.(((..(((....)))..))).))..))))....,-0.89,0.5899,-2.70
14046,14165,GGUGUACUGACAUUAGAUAAUCAAGAUCUCAAUGGUAACUGGUAUGAUUUCGGUGAUUUCAUACAAACCACGCCAGGUAGUGGAGUUCCUGUUGUAGAUUCUUAUUAUUCAUUGUUAAUG,.......(((((.(..(((((.(((((((((((((.((((.((((((..((...))..))))))...((((........)))))))).)))))).))).)))))))))..).)))))...,-2.05,0.9348,-2.80
14086,14205,GGUAUGAUUUCGGUGAUUUCAUACAAACCACGCCAGGUAGUGGAGUUCCUGUUGUAGAUUCUUAUUAUUCAUUGUUAAUGCCUAUAUUAACCUUGACCAGGGCUUUAACUGCAGAGUCAC,.((((((..((...))..))))))...((((........)))).............((((((......(((..(((((((....)))))))..))).(((........))).))))))..,0.02,0.6199,-3.40
14126,14245,UGGAGUUCCUGUUGUAGAUUCUUAUUAUUCAUUGUUAAUGCCUAUAUUAACCUUGACCAGGGCUUUAACUGCAGAGUCACAUGUUGACACUGACUUAACAAAGCCUUACAUUAAGUGGGA,......(((..((...............(((..(((((((....)))))))..)))..((((((((....((((.((((.....)))).))).).....))))))))......))..))),-0.26,0.7218,-3.40
14206,14325,AUGUUGACACUGACUUAACAAAGCCUUACAUUAAGUGGGAUUUGUUAAAAUAUGACUUCACGGAAGAGAGGUUAAAACUCUUUGACCGUUAUUUUAAAUAUUGGGAUCAGACAUACCACC,(((((((..(..(.((((((((..(((((.....))))).))))))))...........((((.((((((.......))))))..))))...........)..)..))).))))......,-1.99,0.9990,-4.00
14526,14645,AGCUCUAGACUUAGUUUUAAGGAAUUACUUGUGUAUGCUGCUGACCCUGCUAUGCACGCUGCUUCUGGUAAUCUAUUACUAGAUAAACGCACUACGUGCUUUUCAGUAGCUGCACUUACU,...........((((((....))))))...(((((.((((((((.........(((((.(((.((((((((....)))))))).....)))...)))))...))))))))))))).....,-1.64,0.9863,-4.80
14686,14805,ACAAAGACUUCUAUGACUUUGCUGUGUCUAAGGGUUUCUUUAAGGAAGGAAGUUCUGUUGAAUUAAAACACUUCUUCUUUGCUCAGGAUGGUAAUGCUGCUAUCAGCGAUUAUGACUACU,..(((((..(((..(((........)))...)))..))))).((.(((((((...((((.......))))...))))))).))..((.(.(((((((((....)))).))))).)))...,0.06,0.8757,-2.70
14726,14845,UAAGGAAGGAAGUUCUGUUGAAUUAAAACACUUCUUCUUUGCUCAGGAUGGUAAUGCUGCUAUCAGCGAUUAUGACUACUAUCGUUAUAAUCUACCAACAAUGUGUGAUAUCAGACAACU,..((.(((((((...((((.......))))...))))))).)).....(((((..((((....))))(((((((((.......))))))))))))))....(((.((....)).)))...,-3.02,0.9939,-3.30
14766,14885,GCUCAGGAUGGUAAUGCUGCUAUCAGCGAUUAUGACUACUAUCGUUAUAAUCUACCAACAAUGUGUGAUAUCAGACAACUACUAUUUGUAGUUGAAGUUGUUGAUAAGUACUUUGAUUGU,(((...(((((((....))))))))))(((((((((.......)))))))))...(((((((((.((....)).))((((((.....))))))...))))))).................,-2.13,0.9434,-3.00
14886,15005,UACGAUGGUGGCUGUAUUAAUGCUAACCAAGUCAUCGUCAACAACCUAGACAAAUCAGCUGGUUUUCCAUUUAAUAAAUGGGGUAAGGCUAGACUUUAUUAUGAUUCAAUGAGUUAUGAG,...((((((((((...(((....)))...))))))))))...............((((((....(((((((.....)))))))...)))).)).....(((((((((...))))))))).,-1.33,0.9189,-3.00
15006,15125,GAUCAAGAUGCACUUUUCGCAUAUACAAAACGUAAUGUCAUCCCUACUAUAACUCAAAUGAAUCUUAAGUAUGCCAUUAGUGCAAAGAAUAGAGCUCGCACCGUAGCUGGUGUCUCUAUC,........((((((..(.((((((.......(((..........)))......((....)).......)))))).)..))))))....((((((...((((((....)))))))))))).,-1.56,0.5000,-3.20
15606,15724,UUACAACACAGACUUUAUGAGUGUCUCUAUAGAAAUAGAGAUGUUGACACAGACUUUGUGAAUGAGUUUUACGCAUAUUUGCGUAAACAUUUCUCAAUGAUGAUACUCUCUGACGAUGC,........((((......(((((((..(((.((....((((((((..(((((...))))).........((((((....)))))))))))))))).)))..))))))))))).......,-1.81,0.9878,-4.40
15645,15764,GAUGUUGACACAGACUUUGUGAAUGAGUUUUACGCAUAUUUGCGUAAACAUUUCUCAAUGAUGAUACUCUCUGACGAUGCUGUUGUGUGUUUCAAUAGCACUUAUGCAUCUCAAGGUCUA,(((.((((..((((..(..(.(.((((.((((((((....)))))))).....)))).).)..).....))))..(((((...((.(((((.....))))).)).))))))))).)))..,-2.07,0.9825,-4.40
16445,16564,UUAUUGUAAAUCACAUAAACCACCCAUUAGUUUUCCAUUGUGUGCUAAUGGACAAGUUUUUGGUUUAUAUAAAAAUACAUGUGUUGGUAGCGAUAAUGUUACUGACUUUAAUGCAAUUGC,....(((((((((...((((...((((((((............))))))))....)))).)))))))))........(((..((..(((((......)))))..))....))).......,-1.17,0.9973,-5.10
16485,16604,UGUGCUAAUGGACAAGUUUUUGGUUUAUAUAAAAAUACAUGUGUUGGUAGCGAUAAUGUUACUGACUUUAAUGCAAUUGCAACAUGUGACUGGACAAAUGCUGGUGAUUACAUUUUAGCU,...(((((......((((.(..((...........(((((((((..(((((......)))))..)).....(((....))))))))))...........))..).)))).....))))).,-0.65,0.8900,-3.10
16765,16884,ACCGAAAUUAUGUCUUUACUGGUUAUCGUGUAACUAAAAACAGUAAAGUACAAAUAGGAGAGUACACCUUUGAAAAAGGUGACUAUGGUGAUGCUGUUGUUUACCGAGGUACAACAACUU,((((......(((((((((((...................)))))))).)))........(((.((((((.....))))))))).))))......(((((((((....))).))))))..,-1.63,0.6573,-3.80
17085,17204,CCUGGUACUGGUAAGAGUCAUUUUGCUAUUGGCCUAGCUCUCUACUACCCUUCUGCUCGCAUAGUGUAUACAGCUUGCUCUCAUGCCGCUGUUGAUGCACUAUGUGAGAAGGCAUUAAAA,...(((..((((((((....))))))))...)))..............(((((...((((((((((((((((((..((......)).)))))..))))))))))))))))))........,-2.89,0.8659,-3.70
17125,17244,UCUACUACCCUUCUGCUCGCAUAGUGUAUACAGCUUGCUCUCAUGCCGCUGUUGAUGCACUAUGUGAGAAGGCAUUAAAAUAUUUGCCUAUAGAUAAAUGUAGUAGAAUUAUACCUGCAC,((((((((...(((((((((((((((((((((((..((......)).)))))..)))))))))))))).(((((..........))))).)))).....)))))))).............,-6.85,0.9990,-6.00
17205,17324,UAUUUGCCUAUAGAUAAAUGUAGUAGAAUUAUACCUGCACGUGCUCGUGUAGAGUGUUUUGAUAAAUUCAAAGUGAAUUCAACAUUAGAACAGUAUGUCUUUUGUACUGUAAAUGCAUUG,((((((....))))))((((((((.((((((((((((((((....))))))).))))(((((.....)))))...))))).))......((((((((.....))))))))...)))))).,-2.61,0.9473,-2.80
17325,17444,CCUGAGACGACAGCAGAUAUAGUUGUCUUUGAUGAAAUUUCAAUGGCCACAAAUUAUGAUUUGAGUGUUGUCAAUGCCAGAUUACGUGCUAAGCACUAUGUGUACAUUGGCGACCCUGCU,...........(((((.....((.(((.((((.......)))).))).))................((((((((((.((.((...((((...)))).)).))..)))))))))).))))),-0.69,0.8697,-3.00
17365,17484,CAAUGGCCACAAAUUAUGAUUUGAGUGUUGUCAAUGCCAGAUUACGUGCUAAGCACUAUGUGUACAUUGGCGACCCUGCUCAAUUACCUGCACCACGCACAUUGCUAACUAAGGGCACAC,...(((((............((((((((((((((((.((.((...((((...)))).)).))..))))))))))...)))))).....(((.....)))..............))).)).,0.11,0.7936,-5.00
17445,17564,CAAUUACCUGCACCACGCACAUUGCUAACUAAGGGCACACUAGAACCAGAAUAUUUCAAUUCAGUGUGUAGACUUAUGAAAACUAUAGGUCCAGACAUGUUCCUCGGAACUUGUCGGCGU,.........((.((((((((..((((.......))))...........((((......)))).)))))).((((((((.....))))))))..((((.((((....)))).)))))).)),-2.14,0.9742,-3.10
17525,17644,AACUAUAGGUCCAGACAUGUUCCUCGGAACUUGUCGGCGUUGUCCUGCUGAAAUUGUUGACACUGUGAGUGCUUUGGUUUAUGAUAAUAAGCUUAAAGCACAUAAAGACAAAUCAGCUCA,......(((.((.((((.((((....)))).))))))......)))(((((..(((((.......((.((((((((((((((....)))))).)))))))).))..))))).)))))...,-2.22,0.9732,-4.20
17765,17884,CUUUAUUUCACCUUAUAAUUCACAGAAUGCUGUAGCCUCAAAGAUUUUGGGACUACCAACUCAAACUGUUGAUUCAUCACAGGGCUCAGAAUAUGACUAUGUCAUAUUCACUCAAACCAC,.....................((((....))))((((.....((..((((.....)))).))...((((.((....))))))))))..(((((((((...)))))))))...........,-2.03,0.9032,-2.80
17845,17964,AGGGCUCAGAAUAUGACUAUGUCAUAUUCACUCAAACCACUGAAACAGCUCACUCUUGUAAUGUAAACAGAUUUAAUGUUGCUAUUACCAGAGCAAAAGUAGGCAUACUUUGCAUAAUGU,.(((((..(((((((((...)))))))))..(((......)))...)))))..(((.((((((..((((.......))))..)))))).)))(((((.(((....)))))))).......,-2.44,0.7919,-4.50
17965,18084,CUGAUAGAGACCUUUAUGACAAGUUGCAAUUUACAAGUCUUGAAAUUCCACGUAGGAAUGUGGCAACUUUACAAGCUGAAAAUGUAACAGGACUCUUUAAAGAUUGUAGUAAGGUAAUCA,..(((....(((((....((((((((((.(((...((.(((((((((((((((....)))))).)).))).)))))).))).)))))).....(((....)))))))...))))).))).,-0.96,0.9519,-3.50
18805,18924,ACCAUGAUCUGUAUUGUCAAGUCCAUGGUAAUGCACAUGUAGCUAGUUGUGAUGCAAUCAUGACUAGGUGUCUAGCUGUCCACGAGUGCUUUGUUAAGCGUGUUGACUGGACUAUUGAAU,..((((...((((((..((......))..))))))))))...(((((..((((...))))..)))))..(((((...(((.(((...((((....)))).))).))))))))........,-0.11,0.8623,-2.70
18845,18964,AGCUAGUUGUGAUGCAAUCAUGACUAGGUGUCUAGCUGUCCACGAGUGCUUUGUUAAGCGUGUUGACUGGACUAUUGAAUAUCCUAUAAUUGGUGAUGAACUGAAGAUUAAUGCGGCUUG,..(((((..((((...))))..)))))......((((((((((((..((((....))))...)))..))))).......(((((((....))).))))................))))..,0.29,0.8664,-2.70
18925,19044,AUCCUAUAAUUGGUGAUGAACUGAAGAUUAAUGCGGCUUGUAGAAAGGUUCAACACAUGGUUGUUAAAGCUGCAUUAUUAGCAGACAAAUUCCCAGUUCUUCACGACAUUGGUAACCCUA,............((((.((((((.....(((((((((((...........((((.....))))...)))))))))))......((.....)).)))))).))))................,-0.57,0.5544,-3.70
19045,19164,AAGCUAUUAAGUGUGUACCUCAAGCUGAUGUAGAAUGGAAGUUCUAUGAUGCACAGCCUUGUAGUGACAAAGCUUAUAAAAUAGAAGAAUUAUUCUAUUCUUAUGCCACACAUUCUGACA,..........((((((((..(((((((.((((..((((.....))))..))))))).))))..)))........((((((((((((......))))))).))))).))))).........,-1.84,0.8079,-3.30
19205,19324,CGAUAGAUAUCCUGCUAAUUCCAUUGUUUGUAGAUUUGACACUAGAGUGCUAUCUAACCUUAACUUGCCUGGUUGUGAUGGUGGCAGUUUGUAUGUAAAUAAACAUGCAUUCCACACACC,.(((((.....((((.(((......))).))))......(((....)))))))).((((...........))))(((.(((..(((((((((......)))))).)))...))))))...,-0.54,0.7274,-3.60
19365,19484,CCAUUUUUCUAUUACUCUGACAGUCCAUGUGAGUCUCAUGGAAAACAAGUAGUGUCAGAUAUAGAUUAUGUACCACUAAAGUCUGCUACGUGUAUAACACGUUGCAAUUUAGGUGGUGCU,.......(((((...(((((((.((((((.......))))))..........))))))).)))))....((((((((.((((.(((.(((((.....))))).))))))).)))))))).,-4.88,0.9961,-5.70
19405,19524,GAAAACAAGUAGUGUCAGAUAUAGAUUAUGUACCACUAAAGUCUGCUACGUGUAUAACACGUUGCAAUUUAGGUGGUGCUGUCUGUAGACAUCAUGCUAAUGAGUACAGAUUGUAUCUCG,.......(((((((((...(((((((...((((((((.((((.(((.(((((.....))))).))))))).)))))))).))))))))))))..))))...((((((.....))).))).,-4.19,0.9978,-4.70
19645,19764,UUGUAAAUAAGGGACACUUUGAUGGACAACAGGGUGAAGUACCAGUUUCUAUCAUUAAUAACACUGUUUACACAAAAGUUGAUGGUGUUGAUGUAGAAUUGUUUGAAAAUAAAACAACAU,...(((((((...(((...(((((((.(((.((........)).))))))))))....((((((((((.((......)).)))))))))).)))....)))))))...............,-0.89,0.9768,-3.10
19765,19884,UACCUGUUAAUGUAGCAUUUGAGCUUUGGGCUAAGCGCAACAUUAAACCAGUACCAGAGGUGAAAAUACUCAAUAAUUUGGGUGUGGACAUUGCUGCUAAUACUGUGAUCUGGGACUACA,..(((.(((((((.((.(((.(((.....)))))).)).))))))).((((((.(((..(((...((((((((....))))))))...)))..)))....))))).)....)))......,-0.84,0.9650,-3.00
19925,20044,UUCUAUGACUGACAUAGCCAAGAAACCAACUGAAACGAUUUGUGCACCACUCACUGUCUUUUUUGAUGGUAGAGUUGAUGGUCAAGUAGACUUAUUUAGAAAUGCCCGUAAUGGUGUUCU,.(((((...((((...((((((................)))).)).(.((((((((((......)))))).)))).)...)))).))))).......((((.((((......)))))))),0.62,0.9807,-4.70
19965,20084,UGUGCACCACUCACUGUCUUUUUUGAUGGUAGAGUUGAUGGUCAAGUAGACUUAUUUAGAAAUGCCCGUAAUGGUGUUCUUAUUACAGAAGGUAGUGUUAAAGGUUUACAACCAUCUGUA,..((((..((((((((((......)))))).)))).((((((...(((((((..(((((...((((.(((((((.....)))))))....))))...)))))))))))).)))))))))),-1.76,0.9756,-3.60
20205,20324,CAGAGUAGAAAUUUACAAGAAUUUAAACCCAGGAGUCAAAUGGAAAUUGAUUUCUUAGAAUUAGCUAUGGAUGAAUUCAUUGAACGGUAUAAAUUAGAAGGCUAUGCCUUCGAACAUAUC,....((((....))))...((((((.(((.(((((((((.(....))))))))))..(((((..(....)...))))).......))).)))))).((((((...)))))).........,-1.54,0.5281,-3.20
20445,20564,AAAAACUAUUUCAUAACAGAUGCGCAAACAGGUUCAUCUAAGUGUGUGUGUUCUGUUAUUGAUUUAUUACUUGAUGAUUUUGUUGAAAUAAUAAAAUCCCAAGAUUUAUCUGUAGUUUCU,..(((((((.((((((((((.(((((.(((..(......)..))).)))))))))))).))).......((((..((((((((((...)))))))))).))))........)))))))..,-3.22,0.9881,-4.60
20485,20604,AGUGUGUGUGUUCUGUUAUUGAUUUAUUACUUGAUGAUUUUGUUGAAAUAAUAAAAUCCCAAGAUUUAUCUGUAGUUUCUAAGGUUGUCAAAGUGACUAUUGACUAUACAGAAAUUUCAU,...(((....((((((..(..((...((((((((..((((((..(((((.((((((((....)))))...))).)))))))))))..)).))))))..))..)....))))))....))),-1.46,0.7864,-4.00
20805,20924,CUGUGUCAAUAUUUAAACACAUUAACAUUAGCUGUACCCUAUAAUAUGAGAGUUAUACAUUUUGGUGCUGGUUCUGAUAAAGGAGUUGCACCAGGUACAGCUGUUUUAAGACAGUGGUUG,.(((((..........)))))....(((((((((((((.((((((......)))))).....((((((.(.((((.....)))).).)))))))))))))))(((....)))))))....,-2.34,0.8177,-4.20
20845,20964,AUAAUAUGAGAGUUAUACAUUUUGGUGCUGGUUCUGAUAAAGGAGUUGCACCAGGUACAGCUGUUUUAAGACAGUGGUUGCCUACGGGUACGCUGCUUGUCGAUUCAGAUCUUAAUGACU,......((((((((.(((....((((((.(.((((.....)))).).)))))).))).)))........(((((..((((((....)))).))..).))))........)))))......,-1.87,0.5748,-3.50
21005,21124,AACUGUACAUACAGCUAAUAAAUGGGAUCUCAUUAUUAGUGAUAUGUACGACCCUAAGACUAAAAAUGUUACAAAAGAAAAUGACUCUAAAGAGGGUUUUUUCACUUACAUUUGUGGGUU,....(((((((..((((((((.(((....)))))))))))..)))))))(((((.........((((((.......(((((.((((((....)))))))))))....))))))..))))),-3.43,0.8418,-3.70
21125,21244,UAUACAACAAAAGCUAGCUCUUGGAGGUUCCGUGGCUAUAAAGAUAACAGAACAUUCUUGGAAUGCUGAUCUUUAUAAGCUCAUGGGACACUUCGCAUGGUGGACAGCCUUUGUUACUAA,.....((((((.(((.(((..((((((((((((((((((((((((..(((..(((((...)))))))))))))))).))).)))))))).)))))...)))....))).)))))).....,-3.97,0.8428,-3.40
21325,21444,UCAUGCAUGCAAAUUACAUAUUUUGGAGGAAUACAAAUCCAAUUCAGUUGUCUUCCUAUUCUUUAUUUGACAUGAGUAAAUUUCCCCUUAAAUUAAGGGGUACUGCUGUUAUGUCUUUAA,.(((((((((((((.....((...((((((..((............))..)))))).)).....))))).))))((((.....(((((((...)))))))...))))..)))).......,-1.24,0.9705,-5.10
21365,21484,AAUUCAGUUGUCUUCCUAUUCUUUAUUUGACAUGAGUAAAUUUCCCCUUAAAUUAAGGGGUACUGCUGUUAUGUCUUUAAAAGAAGGUCAAAUCAAUGAUAUGAUUUUAUCUCUUCUUAG,..................((((((....((((((((((.....(((((((...)))))))...))))..))))))....))))))(((.((((((......)))))).))).........,-2.27,0.9938,-5.80
21405,21524,UUUCCCCUUAAAUUAAGGGGUACUGCUGUUAUGUCUUUAAAAGAAGGUCAAAUCAAUGAUAUGAUUUUAUCUCUUCUUAGUAAAGGUAGACUUAUAAUUAGAGAAAACAACAGAGUUGUU,...(((((((...))))))).(((.(((((...((((((((((((((..((((((......))))))...).))))))....(((.....)))....)))))))....))))))))....,-2.27,0.8871,-4.10
21445,21564,AAGAAGGUCAAAUCAAUGAUAUGAUUUUAUCUCUUCUUAGUAAAGGUAGACUUAUAAUUAGAGAAAACAACAGAGUUGUUAUUUCUAGUGAUGUUCUUGUUAACAACUAAACGAACAAUG,(((((.(((..........(((((.(((((((...........))))))).)))))((((((((.((((((...)))))).))))))))))).)))))......................,-1.22,0.6353,-2.90
22101,22218,AGGAAAACAGGGUAAUUUCAAAAAUCUUAGGGAAUUUGUGUUUAAGAAUAUUGAUGGUUAUUUUAAAAUAUAUUCUAAGCACACGCCUAUUAAUUUAGUGCGUGAUCUCCCUCAGGGU,.......................((((((((((....(((((((.((((((..................)))))))))))))(((((((......))).))))....))))).))))),-1.70,0.9004,-5.30
22139,22258,UGUUUAAGAAUAUUGAUGGUUAUUUUAAAAUAUAUUCUAAGCACACGCCUAUUAAUUUAGUGCGUGAUCUCCCUCAGGGUUUUUCGGCUUUAGAACCAUUGGUAGAUUUGCCAAUAGGUA,(((((.((((((........)))))).)))))...(((((((.((((((((......))).)))))....(((...))).......)).)))))((((((((((....))))))).))).,-2.25,0.8230,-4.90
22697,22816,GUUAUGGAGUGUCUCCUACUAAAUUAAAUGAUCUCUGCUUUACUAAUGUCUAUGCAGAUUCAUUUGUAAUUAGAGGUGAUGAAGUCAGACAAAUCGCUCCAGGGCAAACUGGAAAGAUUG,(((.(((..((((.(((.((((..(((((((..(((((...((....))....))))).)))))))...))))))).))))...)))))).((((..(((((......)))))..)))).,-3.06,0.5291,-4.10
22737,22856,UACUAAUGUCUAUGCAGAUUCAUUUGUAAUUAGAGGUGAUGAAGUCAGACAAAUCGCUCCAGGGCAAACUGGAAAGAUUGCUGAUUAUAAUUAUAAAUUACCAGAUGAUUUUACAGGCUG,.......((((..(.(((.((((((((((((....(((((..((((((...((((..(((((......)))))..)))).))))))...))))).))))).))))))).))).)))))..,-2.84,0.8292,-3.90
22777,22896,GAAGUCAGACAAAUCGCUCCAGGGCAAACUGGAAAGAUUGCUGAUUAUAAUUAUAAAUUACCAGAUGAUUUUACAGGCUGCGUUAUAGCUUGGAAUUCUAACAAUCUUGAUUCUAAGGUU,..((((((...((((..(((((......)))))..)))).))))))....................((.(((.(((((((.....)))))))))).))....(((((((....))))))),-1.84,0.8653,-3.90
23297,23416,CACAGACACUUGAGAUUCUUGACAUUACACCAUGUUCUUUUGGUGGUGUCAGUGUUAUAACACCAGGAACAAAUACUUCUAACCAGGUUGCUGUUCUUUAUCAGGAUGUUAACUGCACAG,....((((((..((...))..).....(((((........)))))))))).((((..((((((((((((((...((((......))))...))))))).....)).)))))...))))..,-1.04,0.8204,-3.80
23337,23456,UGGUGGUGUCAGUGUUAUAACACCAGGAACAAAUACUUCUAACCAGGUUGCUGUUCUUUAUCAGGAUGUUAACUGCACAGAAGUCCCUGUUGCUAUUCAUGCAGAUCAACUUACUCCUAC,.((.((((.((((....((((((((((((((...((((......))))...))))))).....)).))))))))))))..((((.....((((.......))))....)))).).))...,0.80,0.8668,-5.30
23497,23616,CGUGCAGGCUGUUUAAUAGGGGCUGAACAUGUCAACAACUCAUAUGAGUGUGACAUACCCAUUGGUGCAGGUAUAUGCGCUAGUUAUCAGACUCAGACUAAUUCUCCUCGGCGGGCACGU,(((((..((((.......(((.((((..((((((...((((....)))).))))))....(((((((((......)))))))))..)))).)))(((.....)))...))))..))))).,-2.42,0.9789,-3.70
23537,23656,CAUAUGAGUGUGACAUACCCAUUGGUGCAGGUAUAUGCGCUAGUUAUCAGACUCAGACUAAUUCUCCUCGGCGGGCACGUAGUGUAGCUAGUCAAUCCAUCAUUGCCUACACUAUGUCAC,....(((((.(((.......(((((((((......)))))))))..))).)))))..........((.....))(.(((((((((((.((((.........)))).))))))))))))..,-0.51,0.9397,-4.80
23577,23696,UAGUUAUCAGACUCAGACUAAUUCUCCUCGGCGGGCACGUAGUGUAGCUAGUCAAUCCAUCAUUGCCUACACUAUGUCACUUGGUGCAGAAAAUUCAGUUGCUUACUCUAAUAACUCUAU,.((((((.(((....((((((((.((..((.((((.(((((((((((.((((.........)))).)))))))))))..)))).))..)).)))).))))......))).))))))....,-1.86,0.5990,-4.90
23697,23816,UGCCAUACCCACAAAUUUUACUAUUAGUGUUACCACAGAAAUUCUACCAGUGUCUAUGACCAAGACAUCAGUAGAUUGUACAAUGUACAUUUGUGGUGAUUCAACUGAAUGCAGCAAUCU,.......................((((((((((((((((...(((((..((((((.......))))))..))))).(((((...))))))))))))))))...)))))............,-2.64,0.9890,-3.70
23977,24096,UUACCAGAUCCAUCAAAACCAAGCAAGAGGUCAUUUAUUGAAGAUCUACUUUUCAACAAAGUGACACUUGCAGAUGCUGGCUUCAUCAAACAAUAUGGUGAUUGCCUUGGUGAUAUUGCU,(((((((...............(((((..(((((((.(((((((.....)))))))..))))))).))))).......(((.((((((.......))))))..)))))))))).......,-2.82,0.9944,-2.70
24256,24375,GCUAUGCAAAUGGCUUAUAGGUUUAAUGGUAUUGGAGUUACACAGAAUGUUCUCUAUGAGAACCAAAAAUUGAUUGCCAACCAAUUUAAUAGUGCUAUUGGCAAAAUUCAAGACUCACUU,(((((....)))))....................(((((.........((((((...))))))......(((((((((((...(((....)))....)))))))...)))))))))....,-0.32,0.9741,-3.70
25336,25454,GACGACUCUGAGCCAGUGCUCAAAGGAGUCAAAUUACAUUACACAUAAACGAACUUAUGGAUUUGUUUAUGAGAAUCUUCACAAUUGGAACUGUAACUUUGAAGCAAGGUGAAAUCAAG,(((..((.(((((....))))).))..)))....((((.....(((((((((((.....).))))))))))....(((........)))..))))((((((...)))))).........,-1.46,0.5287,-3.60
25495,25614,UACCGAUACAAGCCUCACUCCCUUUCGGAUGGCUUAUUGUUGGCGUUGCACUUCUUGCUGUUUUUCAGAGCGCUUCCAAAAUCAUAACCCUCAAAAAGAGAUGGCAACUAGCACUCUCCA,....(((..(((((....(((.....))).))))).(((..(((((((((.....)))((.....)).))))))..))).)))..............((((..((.....))..))))..,-0.21,0.8469,-3.40
25535,25654,UGGCGUUGCACUUCUUGCUGUUUUUCAGAGCGCUUCCAAAAUCAUAACCCUCAAAAAGAGAUGGCAACUAGCACUCUCCAAGGGUGUUCACUUUGUUUGCAACUUGCUGUUGUUGUUUGU,.(((((((((......((.((((....))))))...((((......(((((.....((((...((.....)).))))...)))))......))))..))))))..)))............,1.63,0.7478,-5.70
25575,25694,AUCAUAACCCUCAAAAAGAGAUGGCAACUAGCACUCUCCAAGGGUGUUCACUUUGUUUGCAACUUGCUGUUGUUGUUUGUAACAGUUUACUCACACCUUUUGCUCGUUGCUGCUGGCCUU,.......(((((.....)))..((((((.((((......((((((((.....(((((.(((((........)))))....))))).......)))))))))))).))))))...))....,-0.76,0.5926,-3.30
25655,25774,AACAGUUUACUCACACCUUUUGCUCGUUGCUGCUGGCCUUGAAGCCCCUUUUCUCUAUCUUUAUGCUUUAGUCUACUUCUUGCAGAGUAUAAACUUUGUAAGAAUAAUAAUGAGGCUUUG,..((((...............((.....)).))))((((((((((...................))))).......((((((((((((....)))))))))))).......)))))....,-1.15,0.9888,-3.40
25815,25934,GAUGCCAACUAUUUUCUUUGCUGGCAUACUAAUUGUUACGACUAUUGUAUACCUUACAAUAGUGUAACUUCUUCAAUUGUCAUUACUUCAGGUGAUGGCACAACAAGUCCUAUUUCUGAA,.((((((.(..........).)))))).......(((((.(((((((((.....)))))))))))))).........(((((((((.....)))))))))....................,-4.17,0.9516,-4.60
25855,25974,ACUAUUGUAUACCUUACAAUAGUGUAACUUCUUCAAUUGUCAUUACUUCAGGUGAUGGCACAACAAGUCCUAUUUCUGAACAUGACUACCAGAUUGGUGGUUAUACUGAAAAAUGGGAAU,(((((((((.....)))))))))..............(((((((((.....))))))))).......((((((((.(.(..(((((((((.....)))))))))..).).))))))))..,-4.25,0.9942,-5.70
25895,26014,CAUUACUUCAGGUGAUGGCACAACAAGUCCUAUUUCUGAACAUGACUACCAGAUUGGUGGUUAUACUGAAAAAUGGGAAUCUGGAGUAAAAGACUGUGUUGUAUUACACAGUUACUUCAC,..(((((((((((..((......))..((((((((.(.(..(((((((((.....)))))))))..).).)))))))))))))))))))..((((((((......)))))))).......,-4.40,0.9979,-6.10
25935,26054,CAUGACUACCAGAUUGGUGGUUAUACUGAAAAAUGGGAAUCUGGAGUAAAAGACUGUGUUGUAUUACACAGUUACUUCACUUCAGACUAUUACCAGCUGUACUCAACUCAAUUGAGUACA,.(((((((((.....))))))))).(((...(((((...((((((((((..((((((((......))))))))..)).)))))))))))))..)))..((((((((.....)))))))).,-4.97,0.9828,-3.80
26015,26134,UUCAGACUAUUACCAGCUGUACUCAACUCAAUUGAGUACAGACACUGGUGUUGAACAUGUUACCUUCUUCAUCUACAAUAAAAUUGUUGAUGAGCCUGAAGAACAUGUCCAAAUUCACAC,..........((((((((((((((((.....))))))))))...))))))(((.(((((((..((((((((((.(((((...))))).))))))...))))))))))).)))........,-5.27,0.7900,-3.80
26095,26214,AAAUUGUUGAUGAGCCUGAAGAACAUGUCCAAAUUCACACAAUCGACGGUUCAUCCGGAGUUGUUAAUCCAGUAAUGGAACCAAUUUAUGAUGAACCGACGACGACUACUAGCGUGCCUU,.....((((.((..(.((.....)).)..))...........(((.(((((((((..((((((....((((....))))..))))))..))))))))).)))))))..............,-1.91,0.9916,-3.00
26135,26254,AAUCGACGGUUCAUCCGGAGUUGUUAAUCCAGUAAUGGAACCAAUUUAUGAUGAACCGACGACGACUACUAGCGUGCCUUUGUAAGCACAAGCUGAUGAGUACGAACUUAUGUACUCAUU,..(((.(((((((((..((((((....((((....))))..))))))..))))))))).))).......((((((((........))))..))))(((((((((......))))))))).,-5.44,0.9989,-5.30
26175,26294,CCAAUUUAUGAUGAACCGACGACGACUACUAGCGUGCCUUUGUAAGCACAAGCUGAUGAGUACGAACUUAUGUACUCAUUCGUUUCGGAAGAGACAGGUACGUUAAUAGUUAAUAGCGUA,..................(((..(((((.((((((((((.....(((....)))((((((((((......)))))))))).(((((....))))))))))))))).))))).....))).,-4.44,0.9988,-3.40
26215,26334,UGUAAGCACAAGCUGAUGAGUACGAACUUAUGUACUCAUUCGUUUCGGAAGAGACAGGUACGUUAAUAGUUAAUAGCGUACUUCUUUUUCUUGCUUUCGUGGUAUUCUUGCUAGUUACAC,((((((((.((((.((((((((((......)))))))))).)))).((((((((..(((((((((........))))))))))))))))).))).....(((((....))))).))))).,-3.49,0.9975,-3.90
26375,26490,CAAUAUUGUUAACGUGAGUCUUGUAAAACCUUCUUUUUACGUUUACUCUCGUGUUAAAAAUCUGAAUUCUUCUAGAGUUCCUGAUCUUCUGGUCUAAACGAACUAAAUAUUAUAUU,.((((((....(((.((((..(((((((......)))))))...)))).)))(((........((((((.....))))))..((((....))))..)))......)))))).....,-2.73,0.9939,-4.20
26452,26567,UUCCUGAUCUUCUGGUCUAAACGAACUAAAUAUUAUAUUAGUUUUUCUGUUUGGAACUUUAAUUUUAGCCAUGGCAGAUUCCAACGGUACUAUUACCGUUGAAGAGCUUAAAAAGC,.......(((((.((((((((((((((((........)))))))....)))))))............((....)).....))(((((((....))))))))))))(((.....))),-1.98,0.8199,-2.90
26491,26607,AGUUUUUCUGUUUGGAACUUUAAUUUUAGCCAUGGCAGAUUCCAACGGUACUAUUACCGUUGAAGAGCUUAAAAAGCUCCUUGAACAAUGGAACCUAGUAAUAGGUUUCCUAUUCCU,.((((.(((((((((..((........))))).))))))...((((((((....))))))))..(((((.....)))))...))))...((((((((....))))))))........,-3.52,0.9980,-5.70
26528,26647,GAUUCCAACGGUACUAUUACCGUUGAAGAGCUUAAAAAGCUCCUUGAACAAUGGAACCUAGUAAUAGGUUUCCUAUUCCUUACAUGGAUUUGUCUUCUACAAUUUGCCUAUGCCAACAGG,.....((((((((....))))))))..(((((.....)))))((((......((((((((....))))))))..........(((((..((((.....))))....)).)))....)))),-3.29,0.9928,-4.90
26568,26687,UCCUUGAACAAUGGAACCUAGUAAUAGGUUUCCUAUUCCUUACAUGGAUUUGUCUUCUACAAUUUGCCUAUGCCAACAGGAAUAGGUUUUUGUAUAUAAUUAAGUUAAUUUUCCUCUGGC,..(((((((((.((((((((....))))))))....(((......))).))))....(((((...((((((.((....)).))))))..))))).....)))))................,-2.13,0.9821,-3.70
26608,26727,UACAUGGAUUUGUCUUCUACAAUUUGCCUAUGCCAACAGGAAUAGGUUUUUGUAUAUAAUUAAGUUAAUUUUCCUCUGGCUGUUAUGGCCAGUAACUUUAGCUUGUUUUGUGCUUGCUGC,..((..((.........(((((...((((((.((....)).))))))..)))))......((((((((.......((((((.....)))))).....)))))))).))..))........,-1.64,0.9224,-3.70
27248,27367,AAUUAUUAUGAGGACUUUUAAAGUUUCCAUUUGGAAUCUUGAUUACAUCAUAAACCUCAUAAUUAAAAAUUUAUCUAAGUCACUAACUGAGAAUAAAUAUUCUCAAUUAGAUGAAGAGCA,....(((((((((.......(((.((((....)))).)))(((...))).....)))))))))...........((...(((((((.(((((((....))))))).)))).)))..))..,-3.72,0.9716,-5.80
27521,27640,UUCACCAUUUCAUCCUCUAGCUGAUAACAAAUUUGCACUGACUUGCUUUAGCACUCAAUUUGCUUUUGCUUGUCCUGACGGCGUAAAACACGUCUAUCAGUUACGUGCCAGAUCAGUUUC,..................(((((((.........((((.(((..((...((((.......))))...))..)))((((.(((((.....)))))..))))....))))...)))))))..,-2.09,0.9405,-3.10
28838,28957,GUAGUCGCAACAGUUCAAGAAAUUCAACUCCAGGCAGCAGUAGGGGAACUUCUCCUGCUAGAAUGGCUGGCAAUGGCGGUGAUGCUGCUCUUGCUUUGCUGCUGCUUGACAGAUUGAACC,.(((((.....((((.((....)).)))).((((((((((((((((.....)))))))).....(((.(((((.(((((.....))))).)))))..)))))))))))...)))))....,-2.64,0.9918,-2.80
28958,29077,AGCUUGAGAGCAAAAUGUCUGGUAAAGGCCAACAACAACAAGGCCAAACUGUCACUAAGAAAUCUGCUGCUGAGGCUUCUAAGAAGCCUCGGCAAAAACGUACUGCCACUAAAGCAUACA,.((((.((.(((..((((..((((..((((...........))))...((.......)).....))))(((((((((((...)))))))))))....))))..)))..)).)))).....,-2.78,0.9354,-3.90
28998,29117,AGGCCAAACUGUCACUAAGAAAUCUGCUGCUGAGGCUUCUAAGAAGCCUCGGCAAAAACGUACUGCCACUAAAGCAUACAAUGUAACACAAGCUUUCGGCAGACGUGGUCCAGAACAAAC,.((((......................((((((((((((...))))))))))))...((((.(((((...(((((................))))).)))))))))))))..........,-4.19,0.9631,-3.10
29038,29157,AAGAAGCCUCGGCAAAAACGUACUGCCACUAAAGCAUACAAUGUAACACAAGCUUUCGGCAGACGUGGUCCAGAACAAACCCAAGGAAAUUUUGGGGACCAGGAACUAAUCAGACAAGGA,......(((.(......((((.(((((...(((((................))))).)))))))))(((((.(......)(((((.....))))))))))..............).))).,-0.75,0.8446,-4.00
29078,29197,AUGUAACACAAGCUUUCGGCAGACGUGGUCCAGAACAAACCCAAGGAAAUUUUGGGGACCAGGAACUAAUCAGACAAGGAACUGAUUACAAACAUUGGCCGCAAAUUGCACAAUUUGCCC,.................(((...(.((((((.(......)(((((.....))))))))))).)...(((((((........))))))).........)))(((((((....)))))))..,-1.24,0.9795,-2.80
29118,29237,CCAAGGAAAUUUUGGGGACCAGGAACUAAUCAGACAAGGAACUGAUUACAAACAUUGGCCGCAAAUUGCACAAUUUGCCCCCAGCGCUUCAGCGUUCUUCGGAAUGUCGCGCAUUGGCAU,((((........(((((.((((....(((((((........)))))))......))))..(((((((....))))))))))))((((....((((((....)))))).)))).))))...,-3.14,0.9378,-2.90
29550,29669,AAGGCAGAUGGGCUAUAUAAACGUUUUCGCUUUUCCGUUUACGAUAUAUAGUCUACUCUUGUGCAGAAUGAAUUCUCGUAACUACAUAGCACAAGUAGAUGUAGUUAACUUUAAUCUCAC,.(((.((.(((((((((((..(((...((......))...))).))))))))))))))))(((.(((.((((......(((((((((.((....))..)))))))))..)))).)))))),-1.83,0.9898,-3.20
