SARS-CoV-2-conserved-structured-1,918-1037,ACUGGACUUUAUUGACACUAAGAGGGGUGUAUACUGCUGCCGUGAACAUGAGCAUGAAAUUGCUUGGUACACGGAACGUUCUGAAAAGAGCUAUGAAUUGCAGACACCUUUUGAAAUUAA,.....................(((((((((...((((..(((((.((.((((((......)))))))).)))))...(((((....)))))........)))))))))))))........,-4.380000,0.999392
SARS-CoV-2-conserved-structured-2,14206-14325,AUGUUGACACUGACUUAACAAAGCCUUACAUUAAGUGGGAUUUGUUAAAAUAUGACUUCACGGAAGAGAGGUUAAAACUCUUUGACCGUUAUUUUAAAUAUUGGGAUCAGACAUACCACC,(((((((..(..(.((((((((..(((((.....))))).))))))))...........((((.((((((.......))))))..))))...........)..)..))).))))......,-1.990000,0.999018
SARS-CoV-2-conserved-structured-3,17125-17244,UCUACUACCCUUCUGCUCGCAUAGUGUAUACAGCUUGCUCUCAUGCCGCUGUUGAUGCACUAUGUGAGAAGGCAUUAAAAUAUUUGCCUAUAGAUAAAUGUAGUAGAAUUAUACCUGCAC,((((((((...(((((((((((((((((((((((..((......)).)))))..)))))))))))))).(((((..........))))).)))).....)))))))).............,-6.850000,0.998997
SARS-CoV-2-conserved-structured-4,7011-7130,UUUAGGUGUUUUAAUGUCUAAUUUAGGCAUGCCUUCUUACUGUACUGGUUACAGAGAAGGCUAUUUGAACUCUACUAAUGUCACUAUUGCAACCUACUGUACUGGUUCUAUACCUUGUAG,..(((((((..(((((((((...)))))))(((((((..(((((.....)))))))))))).......................))..)).)))))...(((.(((.....)))..))).,-1.360000,0.998876
SARS-CoV-2-conserved-structured-5,26135-26254,AAUCGACGGUUCAUCCGGAGUUGUUAAUCCAGUAAUGGAACCAAUUUAUGAUGAACCGACGACGACUACUAGCGUGCCUUUGUAAGCACAAGCUGAUGAGUACGAACUUAUGUACUCAUU,..(((.(((((((((..((((((....((((....))))..))))))..))))))))).))).......((((((((........))))..))))(((((((((......))))))))).,-5.440000,0.998874
SARS-CoV-2-conserved-structured-6,26175-26294,CCAAUUUAUGAUGAACCGACGACGACUACUAGCGUGCCUUUGUAAGCACAAGCUGAUGAGUACGAACUUAUGUACUCAUUCGUUUCGGAAGAGACAGGUACGUUAAUAGUUAAUAGCGUA,..................(((..(((((.((((((((((.....(((....)))((((((((((......)))))))))).(((((....))))))))))))))).))))).....))).,-4.440000,0.998791
SARS-CoV-2-conserved-structured-7,6251-6370,AUGCAACUAAUAAAGCCACGUAUAAACCAAAUACCUGGUGUAUACGUUGUCUUUGGAGCACAAAACCAGUUGAAACAUCAAAUUCGUUUGAUGUACUGAAGUCAGAGGACGCGCAGGGAA,.(((......((((((.(((((((.((((......)))).))))))).).)))))..((.......((((....((((((((....))))))))))))..(((....)))))))).....,-2.520000,0.998504
SARS-CoV-2-conserved-structured-8,40-157,UUUCGAUCUCUUGUAGAUCUGUUCUCUAAACGAACUUUAAAAUCUGUGUGGCUGUCACUCGGCUGCAUGCUUAGUGCACUCACGCAGUAUAAUUAAUAACUAAUUACUGUCGUUGACA,....(((((.....))))).........(((((..........(((((((..((.((((.(((.....))).))))))..)))))))..((((((.....))))))...)))))....,-2.910000,0.998151
SARS-CoV-2-conserved-structured-9,26491-26607,AGUUUUUCUGUUUGGAACUUUAAUUUUAGCCAUGGCAGAUUCCAACGGUACUAUUACCGUUGAAGAGCUUAAAAAGCUCCUUGAACAAUGGAACCUAGUAAUAGGUUUCCUAUUCCU,.((((.(((((((((..((........))))).))))))...((((((((....))))))))..(((((.....)))))...))))...((((((((....))))))))........,-3.520000,0.997961
SARS-CoV-2-conserved-structured-10,25895-26014,CAUUACUUCAGGUGAUGGCACAACAAGUCCUAUUUCUGAACAUGACUACCAGAUUGGUGGUUAUACUGAAAAAUGGGAAUCUGGAGUAAAAGACUGUGUUGUAUUACACAGUUACUUCAC,..(((((((((((..((......))..((((((((.(.(..(((((((((.....)))))))))..).).)))))))))))))))))))..((((((((......)))))))).......,-4.400000,0.997926
SARS-CoV-2-conserved-structured-11,5211-5330,AUUAAAUCACACUAAAAAGUGGAAAUACCCACAAGUUAAUGGUUUAACUUCUAUUAAAUGGGCAGAUAACAACUGUUAUCUUGCCACUGCAUUGUUAACACUCCAACAAAUAGAGUUGAA,.........((.(((...((((......))))...))).)).(((((((.(((((.....((((((((((....)))))).)))).......((((........)))))))))))))))),-2.760000,0.997857
SARS-CoV-2-conserved-structured-12,26215-26334,UGUAAGCACAAGCUGAUGAGUACGAACUUAUGUACUCAUUCGUUUCGGAAGAGACAGGUACGUUAAUAGUUAAUAGCGUACUUCUUUUUCUUGCUUUCGUGGUAUUCUUGCUAGUUACAC,((((((((.((((.((((((((((......)))))))))).)))).((((((((..(((((((((........))))))))))))))))).))).....(((((....))))).))))).,-3.490000,0.997548
SARS-CoV-2-conserved-structured-13,6211-6330,GCUAAAUUGUUACAUAAACCUAUUGUUUGGCAUGUUAACAAUGCAACUAAUAAAGCCACGUAUAAACCAAAUACCUGGUGUAUACGUUGUCUUUGGAGCACAAAACCAGUUGAAACAUCA,(((..((((((((((...((........)).))).)))))))........((((((.(((((((.((((......)))).))))))).).))))).))).....................,-1.030000,0.997502
SARS-CoV-2-conserved-structured-14,16445-16564,UUAUUGUAAAUCACAUAAACCACCCAUUAGUUUUCCAUUGUGUGCUAAUGGACAAGUUUUUGGUUUAUAUAAAAAUACAUGUGUUGGUAGCGAUAAUGUUACUGACUUUAAUGCAAUUGC,....(((((((((...((((...((((((((............))))))))....)))).)))))))))........(((..((..(((((......)))))..))....))).......,-1.170000,0.997273
SARS-CoV-2-conserved-structured-15,7051-7170,UGUACUGGUUACAGAGAAGGCUAUUUGAACUCUACUAAUGUCACUAUUGCAACCUACUGUACUGGUUCUAUACCUUGUAGUGUUUGUCUUAGUGGUUUAGAUUCUUUAGACACCUAUCCU,(((.(((....))).(((((..((((((((...((....))(((((..(((((((((......(((.....)))..)))).).))))..))))))))))))))))))..)))........,0.990000,0.995968
SARS-CoV-2-conserved-structured-16,158-277,GGACACGAGUAACUCGUCUAUCUUCUGCAGGCUGCUUACGGUUUCGUCCGUGUUGCAGCCGAUCAUCAGCACAUCUAGGUUUCGUCCGGGUGUGACCGAAAGGUAAGAUGGAGAGCCUUG,.....((((...(((.((((((((.....((((((.(((((......)))))..)))))).........(((((((.((......)))))))))(((....)))))))))))))).)))),-2.870000,0.995523
SARS-CoV-2-conserved-structured-17,23977-24096,UUACCAGAUCCAUCAAAACCAAGCAAGAGGUCAUUUAUUGAAGAUCUACUUUUCAACAAAGUGACACUUGCAGAUGCUGGCUUCAUCAAACAAUAUGGUGAUUGCCUUGGUGAUAUUGCU,(((((((...............(((((..(((((((.(((((((.....)))))))..))))))).))))).......(((.((((((.......))))))..)))))))))).......,-2.820000,0.994388
SARS-CoV-2-conserved-structured-18,25855-25974,ACUAUUGUAUACCUUACAAUAGUGUAACUUCUUCAAUUGUCAUUACUUCAGGUGAUGGCACAACAAGUCCUAUUUCUGAACAUGACUACCAGAUUGGUGGUUAUACUGAAAAAUGGGAAU,(((((((((.....)))))))))..............(((((((((.....))))))))).......((((((((.(.(..(((((((((.....)))))))))..).).))))))))..,-4.250000,0.994153
SARS-CoV-2-conserved-structured-19,2943-3062,GGGCAUUGAUUUAGAUGAGUGGAGUAUGGCUACAUACUACUUAUUUGAUGAGUCUGGUGAGUUUAAAUUGGCUUCACAUAUGUAUUGUUCUUUCUACCCUCCAGAUGAGGAUGAAGAAGA,..((((((..((((((((((..((((((....))))))))))))))))((((.(..((........))..).)))))).))))....((((((....((((.....))))..))))))..,-0.320000,0.993949
SARS-CoV-2-conserved-structured-20,14726-14845,UAAGGAAGGAAGUUCUGUUGAAUUAAAACACUUCUUCUUUGCUCAGGAUGGUAAUGCUGCUAUCAGCGAUUAUGACUACUAUCGUUAUAAUCUACCAACAAUGUGUGAUAUCAGACAACU,..((.(((((((...((((.......))))...))))))).)).....(((((..((((....))))(((((((((.......))))))))))))))....(((.((....)).)))...,-3.020000,0.993906
SARS-CoV-2-conserved-structured-21,26375-26490,CAAUAUUGUUAACGUGAGUCUUGUAAAACCUUCUUUUUACGUUUACUCUCGUGUUAAAAAUCUGAAUUCUUCUAGAGUUCCUGAUCUUCUGGUCUAAACGAACUAAAUAUUAUAUU,.((((((....(((.((((..(((((((......)))))))...)))).)))(((........((((((.....))))))..((((....))))..)))......)))))).....,-2.730000,0.993877
SARS-CoV-2-conserved-structured-22,21365-21484,AAUUCAGUUGUCUUCCUAUUCUUUAUUUGACAUGAGUAAAUUUCCCCUUAAAUUAAGGGGUACUGCUGUUAUGUCUUUAAAAGAAGGUCAAAUCAAUGAUAUGAUUUUAUCUCUUCUUAG,..................((((((....((((((((((.....(((((((...)))))))...))))..))))))....))))))(((.((((((......)))))).))).........,-2.270000,0.993842
SARS-CoV-2-conserved-structured-23,2158-2277,GAAGAGAAGUUUAAGGAAGGUGUAGAGUUUCUUAGAGACGGUUGGGAAAUUGUUAAAUUUAUCUCAACCUGUGCUUGUGAAAUUGUCGGUGGACAAAUUGUCACCUGUGCAAAGGAAAUU,........((((.((((((.(....).))))))..))))((((((((((((....))))..))))))))((..(..((((..(((((....)))))....))))..)..)).........,-1.620000,0.993480
SARS-CoV-2-conserved-structured-24,4174-4293,AAAAAGGCUGGUGGCACUACUGAAAUGCUAGCGAAAGCUUUGAGAAAAGUGCCAACAGACAAUUAUAUAACCACUUACCCGGGUCAGGGUUUAAAUGGUUACACUGUAGAGGAGGCAAAG,.....(.(((.(((((((.((.((.....(((....))))).))...))))))).))).)..(((((((((((...((((......)))).....))))))...)))))...........,-1.330000,0.993293
SARS-CoV-2-conserved-structured-25,26528-26647,GAUUCCAACGGUACUAUUACCGUUGAAGAGCUUAAAAAGCUCCUUGAACAAUGGAACCUAGUAAUAGGUUUCCUAUUCCUUACAUGGAUUUGUCUUCUACAAUUUGCCUAUGCCAACAGG,.....((((((((....))))))))..(((((.....)))))((((......((((((((....))))))))..........(((((..((((.....))))....)).)))....)))),-3.290000,0.992755
SARS-CoV-2-conserved-structured-26,26255-26374,CGUUUCGGAAGAGACAGGUACGUUAAUAGUUAAUAGCGUACUUCUUUUUCUUGCUUUCGUGGUAUUCUUGCUAGUUACACUAGCCAUCCUUACUGCGCUUCGAUUGUGUGCGUACUGCUG,.(((((....))))).(((((((..((((((...((((((...........((((.....)))).....(((((.....))))).........))))))..))))))..)))))))....,-2.310000,0.992288
SARS-CoV-2-conserved-structured-27,5651-5770,AUCUAGUACAACAGGAGUCACCUUUUGUUAUGAUGUCAGCACCACCUGCUCAGUAUGAACUUAAGCAUGGUACAUUUACUUGUGCUAGUGAGUACACUGGUAAUUACCAGUGUGGUCACU,...((((((((((((((....))))))))..(((((....((((..((((.(((....)))..))))))))))))).....))))))((((.(((((((((....))))))))).)))).,-2.770000,0.992205
SARS-CoV-2-conserved-structured-28,7131-7250,UGUUUGUCUUAGUGGUUUAGAUUCUUUAGACACCUAUCCUUCUUUAGAAACUAUACAAAUUACCAUUUCAUCUUUUAAAUGGGAUUUAACUGCUUUUGGCUUAGUUGCAGAGUGGUUUUU,.((((((..((((.(((((((...)))))))..(((........)))..)))).))))))..((((((........)))))).....(((..(((...((......)).)))..)))...,-0.120000,0.991980
SARS-CoV-2-conserved-structured-29,10970-11089,AAAGUGCAGUGAAAAGAACAAUCAAGGGUACACACCACUGGUUGUUACUCACAAUUUUGACUUCACUUUUAGUUUUAGUCCAGAGUACUCAAUGGUCUUUGUUCUUUUUUUUGUAUGAAA,...((((((.(((((((((((.((..(((....)))..))((((.(((((...(((..((((........))))..)))...)))))..)))).....))))))))))).))))))....,-1.440000,0.991784
SARS-CoV-2-conserved-structured-30,28838-28957,GUAGUCGCAACAGUUCAAGAAAUUCAACUCCAGGCAGCAGUAGGGGAACUUCUCCUGCUAGAAUGGCUGGCAAUGGCGGUGAUGCUGCUCUUGCUUUGCUGCUGCUUGACAGAUUGAACC,.(((((.....((((.((....)).)))).((((((((((((((((.....)))))))).....(((.(((((.(((((.....))))).)))))..)))))))))))...)))))....,-2.640000,0.991752
SARS-CoV-2-conserved-structured-31,26095-26214,AAAUUGUUGAUGAGCCUGAAGAACAUGUCCAAAUUCACACAAUCGACGGUUCAUCCGGAGUUGUUAAUCCAGUAAUGGAACCAAUUUAUGAUGAACCGACGACGACUACUAGCGUGCCUU,.....((((.((..(.((.....)).)..))...........(((.(((((((((..((((((....((((....))))..))))))..))))))))).)))))))..............,-1.910000,0.991600
SARS-CoV-2-conserved-structured-32,2903-3022,UAAAAACUUUGCAACCAGUAUCUGAAUUACUUACACCACUGGGCAUUGAUUUAGAUGAGUGGAGUAUGGCUACAUACUACUUAUUUGAUGAGUCUGGUGAGUUUAAAUUGGCUUCACAUA,..............((((((.......)))(((.(((((..(((.((...((((((((((..((((((....)))))))))))))))).)))))..))).)).)))..))).........,-0.970000,0.991278
SARS-CoV-2-conserved-structured-33,29550-29669,AAGGCAGAUGGGCUAUAUAAACGUUUUCGCUUUUCCGUUUACGAUAUAUAGUCUACUCUUGUGCAGAAUGAAUUCUCGUAACUACAUAGCACAAGUAGAUGUAGUUAACUUUAAUCUCAC,.(((.((.(((((((((((..(((...((......))...))).))))))))))))))))(((.(((.((((......(((((((((.((....))..)))))))))..)))).)))))),-1.830000,0.989759
SARS-CoV-2-conserved-structured-34,80-197,AAUCUGUGUGGCUGUCACUCGGCUGCAUGCUUAGUGCACUCACGCAGUAUAAUUAAUAACUAAUUACUGUCGUUGACAGGACACGAGUAACUCGUCUAUCUUCUGCAGGCUGCUUACG,...(((((((..((.((((.(((.....))).))))))..)))))))..((((((.....))))))..((.(((..(((((.(((((...))))).....)))))..))).)).....,-0.800000,0.989529
SARS-CoV-2-conserved-structured-35,13886-14005,CAAUUGUUGUGAUGAUGAUUAUUUCAAUAAAAAGGACUGGUAUGAUUUUGUAGAAAACCCAGAUAUAUUACGCGUAUACGCCAACUUAGGUGAACGUGUACGCCAAGCUUUGUUAAAAAC,...((((((.(((((...))))).))))))((((..((((..................)))).........(((((((((...((....))...)))))))))....)))).........,-0.370000,0.989244
SARS-CoV-2-conserved-structured-36,120-237,CACGCAGUAUAAUUAAUAACUAAUUACUGUCGUUGACAGGACACGAGUAACUCGUCUAUCUUCUGCAGGCUGCUUACGGUUUCGUCCGUGUUGCAGCCGAUCAUCAGCACAUCUAGGU,...((((((..((((.....)))))))))).((((((((((.(((((...))))).....)))))..((((((.(((((......)))))..)))))).....)))))..........,-2.330000,0.989119
SARS-CoV-2-conserved-structured-37,23697-23816,UGCCAUACCCACAAAUUUUACUAUUAGUGUUACCACAGAAAUUCUACCAGUGUCUAUGACCAAGACAUCAGUAGAUUGUACAAUGUACAUUUGUGGUGAUUCAACUGAAUGCAGCAAUCU,.......................((((((((((((((((...(((((..((((((.......))))))..))))).(((((...))))))))))))))))...)))))............,-2.640000,0.988996
SARS-CoV-2-conserved-structured-38,25655-25774,AACAGUUUACUCACACCUUUUGCUCGUUGCUGCUGGCCUUGAAGCCCCUUUUCUCUAUCUUUAUGCUUUAGUCUACUUCUUGCAGAGUAUAAACUUUGUAAGAAUAAUAAUGAGGCUUUG,..((((...............((.....)).))))((((((((((...................))))).......((((((((((((....)))))))))))).......)))))....,-1.150000,0.988823
SARS-CoV-2-conserved-structured-39,15606-15724,UUACAACACAGACUUUAUGAGUGUCUCUAUAGAAAUAGAGAUGUUGACACAGACUUUGUGAAUGAGUUUUACGCAUAUUUGCGUAAACAUUUCUCAAUGAUGAUACUCUCUGACGAUGC,........((((......(((((((..(((.((....((((((((..(((((...))))).........((((((....)))))))))))))))).)))..))))))))))).......,-1.810000,0.987812
SARS-CoV-2-conserved-structured-40,14526-14645,AGCUCUAGACUUAGUUUUAAGGAAUUACUUGUGUAUGCUGCUGACCCUGCUAUGCACGCUGCUUCUGGUAAUCUAUUACUAGAUAAACGCACUACGUGCUUUUCAGUAGCUGCACUUACU,...........((((((....))))))...(((((.((((((((.........(((((.(((.((((((((....)))))))).....)))...)))))...))))))))))))).....,-1.640000,0.986328
SARS-CoV-2-conserved-structured-41,3808-3897,CUCUAUGACAAACUUGUUUCAAGCUUUUUGGAAAUGAAGAGUGAAAAGCAAGUUGAACAAAAGAUCGCUGAGAUUCCUAAAGAGGAAGUU,(((..(((..(((((((((...(((((((......)))))))...)))))))))..........)))..))).(((((....)))))...,-1.320000,0.982936
SARS-CoV-2-conserved-structured-42,25935-26054,CAUGACUACCAGAUUGGUGGUUAUACUGAAAAAUGGGAAUCUGGAGUAAAAGACUGUGUUGUAUUACACAGUUACUUCACUUCAGACUAUUACCAGCUGUACUCAACUCAAUUGAGUACA,.(((((((((.....))))))))).(((...(((((...((((((((((..((((((((......))))))))..)).)))))))))))))..)))..((((((((.....)))))))).,-4.970000,0.982756
SARS-CoV-2-conserved-structured-43,15645-15764,GAUGUUGACACAGACUUUGUGAAUGAGUUUUACGCAUAUUUGCGUAAACAUUUCUCAAUGAUGAUACUCUCUGACGAUGCUGUUGUGUGUUUCAAUAGCACUUAUGCAUCUCAAGGUCUA,(((.((((..((((..(..(.(.((((.((((((((....)))))))).....)))).).)..).....))))..(((((...((.(((((.....))))).)).))))))))).)))..,-2.070000,0.982535
SARS-CoV-2-conserved-structured-44,2518-2625,UUAACAGAGGAAGUUGUCUUGAAAACUGGUGAUUUACAACCAUUAGAACAACCUACUAGUGAAGCUGUUGAAGCUCCAUUGGUUGGUACACCAGUUUGUAUUAACGGG,............((((......(((((((((.((((.......))))...(((.(((((((.((((.....)))).))))))).))).)))))))))....))))...,-1.930000,0.982422
SARS-CoV-2-conserved-structured-45,26568-26687,UCCUUGAACAAUGGAACCUAGUAAUAGGUUUCCUAUUCCUUACAUGGAUUUGUCUUCUACAAUUUGCCUAUGCCAACAGGAAUAGGUUUUUGUAUAUAAUUAAGUUAAUUUUCCUCUGGC,..(((((((((.((((((((....))))))))....(((......))).))))....(((((...((((((.((....)).))))))..))))).....)))))................,-2.130000,0.982117
SARS-CoV-2-conserved-structured-46,1238-1357,AUUGUGGUGAAACUUCAUGGCAGACGGGCGAUUUUGUUAAAGCCACUUGCGAAUUUUGUGGCACUGAGAAUUUGACUAAAGAAGGUGCCACUACUUGUGGUUACUUACCCCAAAAUGCUG,.((((.((((....)))).))))...(((.((((((.....(((((...........)))))....................(((((((((.....)))).)))))....))))))))).,-0.750000,0.980858
SARS-CoV-2-conserved-structured-47,6451-6570,GAGUGUAAUGUGAAAACUACCGAAGUUGUAGGAGACAUUAUACUUAAACCAGCAAAUAAUAGUUUAAAAAUUACAGAAGAGGUUGGCCACACAGAUCUAAUGGCUGCUUAUGUAGACAAU,(((((((((((.....((((.......))))...))))))))))).........................(((((....((((.(((((...........))))))))).))))).....,-0.830000,0.980693
SARS-CoV-2-conserved-structured-48,29078-29197,AUGUAACACAAGCUUUCGGCAGACGUGGUCCAGAACAAACCCAAGGAAAUUUUGGGGACCAGGAACUAAUCAGACAAGGAACUGAUUACAAACAUUGGCCGCAAAUUGCACAAUUUGCCC,.................(((...(.((((((.(......)(((((.....))))))))))).)...(((((((........))))))).........)))(((((((....)))))))..,-1.240000,0.979544
SARS-CoV-2-conserved-structured-49,23497-23616,CGUGCAGGCUGUUUAAUAGGGGCUGAACAUGUCAACAACUCAUAUGAGUGUGACAUACCCAUUGGUGCAGGUAUAUGCGCUAGUUAUCAGACUCAGACUAAUUCUCCUCGGCGGGCACGU,(((((..((((.......(((.((((..((((((...((((....)))).))))))....(((((((((......)))))))))..)))).)))(((.....)))...))))..))))).,-2.420000,0.978896
SARS-CoV-2-conserved-structured-50,13686-13805,GAAGAAACAAUUUAUAAUUUACUUAAGGAUUGUCCAGCUGUUGCUAAACAUGACUUCUUUAAGUUUAGAAUAGACGGUGACAUGGUACCACAUAUAUCACGUCAACGUCUUACUAAAUAC,....................(((((((((.(((..(((....)))..))).....)))))))))((((...(((((.((((.(((((.......))))).)))).)))))..))))....,-3.100000,0.977924
SARS-CoV-2-conserved-structured-51,12610-12729,AUGGACAAUUCACCUAAUUUAGCAUGGCCUCUUAUUGUAACAGCUUUAAGGGCCAAUUCUGCUGUCAAAUUACAGAAUAAUGAGCUUAGUCCUGUUGCACUACGACAGAUGUCUUGUGCU,..((((((((((............(((((.((((..((....))..)))))))))((((((.((......))))))))..)))).)).))))....((((...(((....)))..)))).,-1.940000,0.977544
SARS-CoV-2-conserved-structured-52,19645-19764,UUGUAAAUAAGGGACACUUUGAUGGACAACAGGGUGAAGUACCAGUUUCUAUCAUUAAUAACACUGUUUACACAAAAGUUGAUGGUGUUGAUGUAGAAUUGUUUGAAAAUAAAACAACAU,...(((((((...(((...(((((((.(((.((........)).))))))))))....((((((((((.((......)).)))))))))).)))....)))))))...............,-0.890000,0.976831
SARS-CoV-2-conserved-structured-53,11050-11169,CAGAGUACUCAAUGGUCUUUGUUCUUUUUUUUGUAUGAAAAUGCCUUUUUACCUUUUGCUAUGGGUAUUAUUGCUAUGUCUGCUUUUGCAAUGAUGUUUGUCAAACAUAAGCAUGCAUUU,(((((.(((....))))))))..........((((((.....((..(..(((((........)))))..)..))(((((.(((....))).((((....)))).)))))..))))))...,-0.330000,0.976589
SARS-CoV-2-conserved-structured-54,17445-17564,CAAUUACCUGCACCACGCACAUUGCUAACUAAGGGCACACUAGAACCAGAAUAUUUCAAUUCAGUGUGUAGACUUAUGAAAACUAUAGGUCCAGACAUGUUCCUCGGAACUUGUCGGCGU,.........((.((((((((..((((.......))))...........((((......)))).)))))).((((((((.....))))))))..((((.((((....)))).)))))).)),-2.140000,0.974220
SARS-CoV-2-conserved-structured-55,24256-24375,GCUAUGCAAAUGGCUUAUAGGUUUAAUGGUAUUGGAGUUACACAGAAUGUUCUCUAUGAGAACCAAAAAUUGAUUGCCAACCAAUUUAAUAGUGCUAUUGGCAAAAUUCAAGACUCACUU,(((((....)))))....................(((((.........((((((...))))))......(((((((((((...(((....)))....)))))))...)))))))))....,-0.320000,0.974138
SARS-CoV-2-conserved-structured-56,17525-17644,AACUAUAGGUCCAGACAUGUUCCUCGGAACUUGUCGGCGUUGUCCUGCUGAAAUUGUUGACACUGUGAGUGCUUUGGUUUAUGAUAAUAAGCUUAAAGCACAUAAAGACAAAUCAGCUCA,......(((.((.((((.((((....)))).))))))......)))(((((..(((((.......((.((((((((((((((....)))))).)))))))).))..))))).)))))...,-2.220000,0.973216
SARS-CoV-2-conserved-structured-57,27248-27367,AAUUAUUAUGAGGACUUUUAAAGUUUCCAUUUGGAAUCUUGAUUACAUCAUAAACCUCAUAAUUAAAAAUUUAUCUAAGUCACUAACUGAGAAUAAAUAUUCUCAAUUAGAUGAAGAGCA,....(((((((((.......(((.((((....)))).)))(((...))).....)))))))))...........((...(((((((.(((((((....))))))).)))).)))..))..,-3.720000,0.971645
SARS-CoV-2-conserved-structured-58,4574-4693,CACUUAACGAUCUAAAUGAAACUCUUGUUACAAUGCCACUUGGCUAUGUAACACAUGGCUUAAAUUUGGAAGAAGCUGCUCGGUAUAUGAGAUCUCUCAAAGUGCCAGCUACAGUUUCUG,..........(((((((..((..(.(((((((..(((....)))..)))))))...)..))..)))))))((((((((((.(((((.((((....))))..))))))))...))))))).,-3.730000,0.971002
SARS-CoV-2-conserved-structured-59,21325-21444,UCAUGCAUGCAAAUUACAUAUUUUGGAGGAAUACAAAUCCAAUUCAGUUGUCUUCCUAUUCUUUAUUUGACAUGAGUAAAUUUCCCCUUAAAUUAAGGGGUACUGCUGUUAUGUCUUUAA,.(((((((((((((.....((...((((((..((............))..)))))).)).....))))).))))((((.....(((((((...)))))))...))))..)))).......,-1.240000,0.970457
SARS-CoV-2-conserved-structured-60,7771-7890,CUUUACUUUGAUAAAGCUGGUCAAAAGACUUAUGAAAGACAUUCUCUCUCUCAUUUUGUUAACUUAGACAACCUGAGAGCUAAUAACACUAAAGGUUCAUUGCCUAUUAAUGUUAUAGUU,.....((((.((((..((.......))..)))).)))).........((((((..(((((......)))))..))))))...((((((.(((((((.....)))).))).))))))....,-1.930000,0.967397
SARS-CoV-2-conserved-structured-61,19765-19884,UACCUGUUAAUGUAGCAUUUGAGCUUUGGGCUAAGCGCAACAUUAAACCAGUACCAGAGGUGAAAAUACUCAAUAAUUUGGGUGUGGACAUUGCUGCUAAUACUGUGAUCUGGGACUACA,..(((.(((((((.((.(((.(((.....)))))).)).))))))).((((((.(((..(((...((((((((....))))))))...)))..)))....))))).)....)))......,-0.840000,0.964994
SARS-CoV-2-conserved-structured-62,6971-7090,UAAGUGUUUGCCUAGGUUCUUUAAUCUACUCAACCGCUGCUUUAGGUGUUUUAAUGUCUAAUUUAGGCAUGCCUUCUUACUGUACUGGUUACAGAGAAGGCUAUUUGAACUCUACUAAUG,..((((.(((..((((((....))))))..))).))))....((((.((((..(((((((...)))))))(((((((..(((((.....)))))))))))).....))))))))......,-1.900000,0.963217
SARS-CoV-2-conserved-structured-63,28998-29117,AGGCCAAACUGUCACUAAGAAAUCUGCUGCUGAGGCUUCUAAGAAGCCUCGGCAAAAACGUACUGCCACUAAAGCAUACAAUGUAACACAAGCUUUCGGCAGACGUGGUCCAGAACAAAC,.((((......................((((((((((((...))))))))))))...((((.(((((...(((((................))))).)))))))))))))..........,-4.190000,0.963094
SARS-CoV-2-conserved-structured-64,5011-5130,GUUGUGGACAUGUCAAUGACAUAUGGACAACAGUUUGGUCCAACUUAUUUGGAUGGAGCUGAUGUUACUAAAAUAAAACCUCAUAAUUCACAUGAAGGUAAAACAUUUUAUGUUUUACCU,..((((((.(((((...)))))...((((.((((((.((((((.....)))))).)))))).))))....................))))))...(((((((((((...))))))))))),-4.190000,0.962816
SARS-CoV-2-conserved-structured-65,4094-4213,CUUUCUUAAAGAAAGAUGCUCCAUAUAUAGUGGGUGAUGUUGUUCAAGAGGGUGUUUUAACUGCUGUGGUUAUACCUACUAAAAAGGCUGGUGGCACUACUGAAAUGCUAGCGAAAGCUU,..(((((.((.((...(((.((((.....)))))))...)).)).)))))(((((((((......(((((..((((..((.....))..))))..))))))))))))))(((....))).,0.400000,0.957563
SARS-CoV-2-conserved-structured-66,1598-1717,GUCUUAAUGACAACCUUCUUGAAAUACUCCAAAAAGAGAAAGUCAACAUCAAUAUUGUUGGUGACUUUAAACUUAAUGAAGAGAUCGCCAUUAUUUUGGCAUCUUUUUCUGCUUCCACAA,(((.....)))...((((((((....(((......)))(((((((.((.((....)).)).)))))))....)))).))))((((.((((......))))))))................,-2.000000,0.955398
SARS-CoV-2-conserved-structured-67,11090-11209,AUGCCUUUUUACCUUUUGCUAUGGGUAUUAUUGCUAUGUCUGCUUUUGCAAUGAUGUUUGUCAAACAUAAGCAUGCAUUUCUCUGUUUGUUUUUGUUACCUUCUCUUGCCACUGUAGCUU,.................(((((((.(((((((((...(....)....))))))))).......((((.(((((.(((......))).))))).))))..............)))))))..,-1.630000,0.954904
SARS-CoV-2-conserved-structured-68,17965-18084,CUGAUAGAGACCUUUAUGACAAGUUGCAAUUUACAAGUCUUGAAAUUCCACGUAGGAAUGUGGCAACUUUACAAGCUGAAAAUGUAACAGGACUCUUUAAAGAUUGUAGUAAGGUAAUCA,..(((....(((((....((((((((((.(((...((.(((((((((((((((....)))))).)).))).)))))).))).)))))).....(((....)))))))...))))).))).,-0.960000,0.951872
SARS-CoV-2-conserved-structured-69,25815-25934,GAUGCCAACUAUUUUCUUUGCUGGCAUACUAAUUGUUACGACUAUUGUAUACCUUACAAUAGUGUAACUUCUUCAAUUGUCAUUACUUCAGGUGAUGGCACAACAAGUCCUAUUUCUGAA,.((((((.(..........).)))))).......(((((.(((((((((.....)))))))))))))).........(((((((((.....)))))))))....................,-4.170000,0.951563
SARS-CoV-2-conserved-structured-70,14446-14565,AUGGUGUUCCAUUUGUAGUUUCAACUGGAUACCACUUCAGAGAGCUAGGUGUUGUACAUAAUCAGGAUGUAAACUUACAUAGCUCUAGACUUAGUUUUAAGGAAUUACUUGUGUAUGCUG,..(((((..(((..((((((((..(((((......)))))(((((((.(((...(((((.......)))))....))).)))))))..............))))))))..))).))))).,-1.410000,0.947954
SARS-CoV-2-conserved-structured-71,2118-2237,CACUGUUUAUGAAAAACUCAAACCCGUCCUUGAUUGGCUUGAAGAGAAGUUUAAGGAAGGUGUAGAGUUUCUUAGAGACGGUUGGGAAAUUGUUAAAUUUAUCUCAACCUGUGCUUGUGA,(((.((((.(((.((((((..(((..(((((((...((((......))))))))))).)))...)))))).))).))))((((((((((((....))))..)))))))).......))).,-2.750000,0.947794
SARS-CoV-2-conserved-structured-72,17205-17324,UAUUUGCCUAUAGAUAAAUGUAGUAGAAUUAUACCUGCACGUGCUCGUGUAGAGUGUUUUGAUAAAUUCAAAGUGAAUUCAACAUUAGAACAGUAUGUCUUUUGUACUGUAAAUGCAUUG,((((((....))))))((((((((.((((((((((((((((....))))))).))))(((((.....)))))...))))).))......((((((((.....))))))))...)))))).,-2.610000,0.947288
SARS-CoV-2-conserved-structured-73,7171-7290,UCUUUAGAAACUAUACAAAUUACCAUUUCAUCUUUUAAAUGGGAUUUAACUGCUUUUGGCUUAGUUGCAGAGUGGUUUUUGGCAUAUAUUCUUUUCACUAGGUUUUUCUAUGUACUUGGA,...(((((((((((..(((((.((((((........)))))))))))..((((..(((...)))..)))).)))))))))))...............((((((..........)))))).,-0.530000,0.945279
SARS-CoV-2-conserved-structured-74,14766-14885,GCUCAGGAUGGUAAUGCUGCUAUCAGCGAUUAUGACUACUAUCGUUAUAAUCUACCAACAAUGUGUGAUAUCAGACAACUACUAUUUGUAGUUGAAGUUGUUGAUAAGUACUUUGAUUGU,(((...(((((((....))))))))))(((((((((.......)))))))))...(((((((((.((....)).))((((((.....))))))...))))))).................,-2.130000,0.943405
SARS-CoV-2-conserved-structured-75,11730-11849,UAUGAAUUCACAGGGACUACUCCCACCCAAGAAUAGCAUAGAUGCCUUCAAACUCAACAUUAAAUUGUUGGGUGUUGGUGGCAAACCUUGUAUCAAAGUAGCCACUGUACAGUCUAAAAU,...((....((((((.(((((......((((...........((((.((((((((((((......)))))))).)))).))))...))))......))))))).))))....))......,-1.590000,0.941927
SARS-CoV-2-conserved-structured-76,29238-29357,GGAAGUCACACCUUCGGGAACGUGGUUGACCUACACAGGUGCCAUCAAAUUGGAUGACAAAGAUCCAAAUUUCAAAGAUCAAGUCAUUUUGCUGAAUAAGCAUAUUGACGCAUACAAAAC,....((((.(((..((....)).)))))))........((((.......((((((.......))))))..............((((...((((.....))))...)))))))).......,-1.580000,0.941215
SARS-CoV-2-conserved-structured-77,1558-1677,GGUUGUAACCAUACAGGUGUUGUUGGAGAAGGUUCCGAAGGUCUUAAUGACAACCUUCUUGAAAUACUCCAAAAAGAGAAAGUCAACAUCAAUAUUGUUGGUGACUUUAAACUUAAUGAA,(((....))).....((.((..((.(((((((((......(((.....)))))))))))).))..)).))...(((..(((((((.((.((....)).)).)))))))...)))......,-1.180000,0.940685
SARS-CoV-2-conserved-structured-78,4214-4333,UGAGAAAAGUGCCAACAGACAAUUAUAUAACCACUUACCCGGGUCAGGGUUUAAAUGGUUACACUGUAGAGGAGGCAAAGACAGUGCUUAAAAAGUGUAAAAGUGCCUUUUACAUUCUAC,..((((.((((................((((((...((((......)))).....))))))))))(((((..(((((...(((.(........).))).....)))))))))).))))..,-0.390000,0.940291
SARS-CoV-2-conserved-structured-79,9410-9529,CUGGUGGUAUUGUAGCUAUCGUAGUAACAUGCCUUGCCUACUAUUUUAUGAGGUUUAGAAGAGCUUUUGGUGAAUACAGUCAUGUAGUUGCCUUUAAUACUUUACUAUUCCUUAUGUCAU,..((((((((.((.((((...)))).)))))))..)))........(((((((..(((.((((..((.((..(.((((....)))).)..))...))..)))).)))..)))))))....,-1.740000,0.940215
SARS-CoV-2-conserved-structured-80,13806-13925,ACAAUGGCAGACCUCGUCUAUGCUUUAAGGCAUUUUGAUGAAGGUAAUUGUGACACAUUAAAAGAAAUACUUGUCACAUACAAUUGUUGUGAUGAUGAUUAUUUCAAUAAAAAGGACUGG,(((((.....((((((((.(((((....)))))...)))).)))).)))))............((((((.(..((((((((....).)))).)))..).))))))...............,-1.730000,0.939890
SARS-CoV-2-conserved-structured-81,23537-23656,CAUAUGAGUGUGACAUACCCAUUGGUGCAGGUAUAUGCGCUAGUUAUCAGACUCAGACUAAUUCUCCUCGGCGGGCACGUAGUGUAGCUAGUCAAUCCAUCAUUGCCUACACUAUGUCAC,....(((((.(((.......(((((((((......)))))))))..))).)))))..........((.....))(.(((((((((((.((((.........)))).))))))))))))..,-0.510000,0.939684
SARS-CoV-2-conserved-structured-82,9210-9329,GUACUGUAGGCACGGCACUUGUGAAAGAUCAGAAGCUGGUGUUUGUGUAUCUACUAGUGGUAGAUGGGUACUUAACAAUGAUUAUUACAGAUCUUUACCAGGAGUUUUCUGUGGUGUAGA,(((((.(((((((.(..(((.(((....))).))).).)))))))..(((((((.....))))))))))))...........(((((((((.((((....))))...)))))))))....,-0.310000,0.939291
SARS-CoV-2-conserved-structured-83,6091-6210,CAGUUAACUGGUUAUAAGAAACCUGCUUCAAGAGAGCUUAAAGUUACAUUUUUCCCUGACUUAAAUGGUGAUGUGGUGGCUAUUGAUUAUAAACACUACACACCCUCUUUUAAGAAAGGA,..((.((((((((......)))).((((.....))))....)))))).......(((..((((((.((((.(((((((..(((.....)))..)))))))))))....))))))..))).,-2.570000,0.939160
SARS-CoV-2-conserved-structured-84,29118-29237,CCAAGGAAAUUUUGGGGACCAGGAACUAAUCAGACAAGGAACUGAUUACAAACAUUGGCCGCAAAUUGCACAAUUUGCCCCCAGCGCUUCAGCGUUCUUCGGAAUGUCGCGCAUUGGCAU,((((........(((((.((((....(((((((........)))))))......))))..(((((((....))))))))))))((((....((((((....)))))).)))).))))...,-3.140000,0.937850
SARS-CoV-2-conserved-structured-85,28958-29077,AGCUUGAGAGCAAAAUGUCUGGUAAAGGCCAACAACAACAAGGCCAAACUGUCACUAAGAAAUCUGCUGCUGAGGCUUCUAAGAAGCCUCGGCAAAAACGUACUGCCACUAAAGCAUACA,.((((.((.(((..((((..((((..((((...........))))...((.......)).....))))(((((((((((...)))))))))))....))))..)))..)).)))).....,-2.780000,0.935432
SARS-CoV-2-conserved-structured-86,29278-29397,GCCAUCAAAUUGGAUGACAAAGAUCCAAAUUUCAAAGAUCAAGUCAUUUUGCUGAAUAAGCAUAUUGACGCAUACAAAACAUUCCCACCAACAGAGCCUAAAAAGGACAAAAAGAAGAAG,.........((((((.......)))))).((((.........((((...((((.....))))...))))..........................((((....))).).....))))...,-1.580000,0.935037
SARS-CoV-2-conserved-structured-87,14046-14165,GGUGUACUGACAUUAGAUAAUCAAGAUCUCAAUGGUAACUGGUAUGAUUUCGGUGAUUUCAUACAAACCACGCCAGGUAGUGGAGUUCCUGUUGUAGAUUCUUAUUAUUCAUUGUUAAUG,.......(((((.(..(((((.(((((((((((((.((((.((((((..((...))..))))))...((((........)))))))).)))))).))).)))))))))..).)))))...,-2.050000,0.934786
SARS-CoV-2-conserved-structured-88,9250-9369,GUUUGUGUAUCUACUAGUGGUAGAUGGGUACUUAACAAUGAUUAUUACAGAUCUUUACCAGGAGUUUUCUGUGGUGUAGAUGCUGUAAAUUUACUUACUAAUAUGUUUACACCACUAAUU,(((...((((((((((....))).)))))))..)))..........(((((.((((....))))...)))))(((((((((...((((......))))......))))))))).......,-0.530000,0.934080
SARS-CoV-2-conserved-structured-89,26415-26527,GUUUACUCUCGUGUUAAAAAUCUGAAUUCUUCUAGAGUUCCUGAUCUUCUGGUCUAAACGAACUAAAUAUUAUAUUAGUUUUUCUGUUUGGAACUUUAAUUUUAGCCAUGGCA,........(((((((((((....((.....))(((((((((.((((....)))).(((((((((((........)))))))....))))))))))))).)))))).)))))..,-1.940000,0.933890
SARS-CoV-2-conserved-structured-90,14846-14965,ACUAUUUGUAGUUGAAGUUGUUGAUAAGUACUUUGAUUGUUACGAUGGUGGCUGUAUUAAUGCUAACCAAGUCAUCGUCAACAACCUAGACAAAUCAGCUGGUUUUCCAUUUAAUAAAUG,..........((((((...((((((..((.((..(.(((((..((((((((((...(((....)))...))))))))))))))))..))))..))))))(((....))))))))).....,-0.790000,0.933880
SARS-CoV-2-conserved-structured-91,4971-5090,GGUGUUUACAACAGUAGACAACAUUAACCUCCACACGCAAGUUGUGGACAUGUCAAUGACAUAUGGACAACAGUUUGGUCCAACUUAUUUGGAUGGAGCUGAUGUUACUAAAAUAAAACC,(((((((((....))))))(((((...(((((((((....).)))))).(((((...)))))..))....((((((.((((((.....)))))).)))))))))))...........))),-3.720000,0.932456
SARS-CoV-2-conserved-structured-92,9610-9729,CUUACUAAUGAUGUUUCUUUUUUAGCACAUAUUCAGUGGAUGGUUAUGUUCACACCUUUAGUACCUUUCUGGAUAACAAUUGCUUAUAUCAUUUGUAUUUCCACAAAGCAUUUCUAUUGG,.......(((.((((........))))))).....((((((......)))))).((..(((...((((.((((..((((.((.......)).))))...)))).)))).....)))..)),-0.850000,0.931826
SARS-CoV-2-conserved-structured-93,5691-5810,ACCACCUGCUCAGUAUGAACUUAAGCAUGGUACAUUUACUUGUGCUAGUGAGUACACUGGUAAUUACCAGUGUGGUCACUAUAAACAUAUAACUUCUAAAGAAACUUUGUAUUGCAUAGA,...(((((((.(((....)))..)))).)))........((((((((((((.(((((((((....))))))))).)))))).....((((((.(((....)))...)))))).)))))).,-3.180000,0.930623
SARS-CoV-2-conserved-structured-94,25016-25135,UAGAUAAAUAUUUUAAGAAUCAUACAUCACCAGAUGUUGAUUUAGGUGACAUCUCUGGCAUUAAUGCUUCAGUUGUAAACAUUCAAAAAGAAAUUGACCGCCUCAAUGAGGUUGCCAAGA,.((((...........((((((.(((((....))))))))))).(....))))).(((((........((((((.................))))))..(((((...))))))))))...,-1.160000,0.925763
SARS-CoV-2-conserved-structured-95,6411-6530,AGAAGUAGUGGAAAAUCCUACCAUACAGAAAGACGUUCUUGAGUGUAAUGUGAAAACUACCGAAGUUGUAGGAGACAUUAUACUUAAACCAGCAAAUAAUAGUUUAAAAAUUACAGAAGA,....(((((((.....))................(((.(((((((((((((.....((((.......))))...)))))))))))))...)))................)))))......,-1.100000,0.922381
SARS-CoV-2-conserved-structured-96,26608-26727,UACAUGGAUUUGUCUUCUACAAUUUGCCUAUGCCAACAGGAAUAGGUUUUUGUAUAUAAUUAAGUUAAUUUUCCUCUGGCUGUUAUGGCCAGUAACUUUAGCUUGUUUUGUGCUUGCUGC,..((..((.........(((((...((((((.((....)).))))))..)))))......((((((((.......((((((.....)))))).....)))))))).))..))........,-1.640000,0.922365
SARS-CoV-2-conserved-structured-97,11010-11129,GUUGUUACUCACAAUUUUGACUUCACUUUUAGUUUUAGUCCAGAGUACUCAAUGGUCUUUGUUCUUUUUUUUGUAUGAAAAUGCCUUUUUACCUUUUGCUAUGGGUAUUAUUGCUAUGUC,..((.(((((...(((..((((........))))..)))...)))))..))(((((................((((....)))).....(((((........))))).....)))))...,0.120000,0.921840
SARS-CoV-2-conserved-structured-98,10850-10969,CUUCAUUAAAAGAAUUACUGCAAAAUGGUAUGAAUGGACGUACCAUAUUGGGUAGUGCUUUAUUAGAAGAUGAAUUUACACCUUUUGAUGUUGUUAGACAAUGCUCAGGUGUUACUUUCC,((((....((((.((((((.(((.((((((((......)))))))).))))))))).))))....))))..(((...((((((...(.(((((.....))))))..))))))....))).,-2.670000,0.920372
SARS-CoV-2-conserved-structured-99,14886-15005,UACGAUGGUGGCUGUAUUAAUGCUAACCAAGUCAUCGUCAACAACCUAGACAAAUCAGCUGGUUUUCCAUUUAAUAAAUGGGGUAAGGCUAGACUUUAUUAUGAUUCAAUGAGUUAUGAG,...((((((((((...(((....)))...))))))))))...............((((((....(((((((.....)))))))...)))).)).....(((((((((...))))))))).,-1.330000,0.918877
SARS-CoV-2-conserved-structured-100,25216-25335,GGUUUUAUAGCUGGCUUGAUUGCCAUAGUAAUGGUGACAAUUAUGCUUUGCUGUAUGACCAGUUGCUGUAGUUGUCUCAAGGGCUGUUGUUCUUGUGGAUCCUGCUGCAAAUUUGAUGAA,((((.((((((.(((.((((((((((....))))...)))))).)))..)))))).))))..((((.((((..(((((((((((....))))))).)))).)))).))))..........,-3.780000,0.916475
SARS-CoV-2-conserved-structured-101,11690-11809,GUGUUUAUGAUUACUUAGUUUCUACACAGGAGUUUAGAUAUAUGAAUUCACAGGGACUACUCCCACCCAAGAAUAGCAUAGAUGCCUUCAAACUCAACAUUAAAUUGUUGGGUGUUGGUG,(((((((((....(((.............(((((((......)))))))...((((....))))....))).....)))))))))..((((((((((((......)))))))).))))..,-1.170000,0.912616
SARS-CoV-2-conserved-structured-102,5251-5370,GGUUUAACUUCUAUUAAAUGGGCAGAUAACAACUGUUAUCUUGCCACUGCAUUGUUAACACUCCAACAAAUAGAGUUGAAGUUUAAUCCACCUGCUCUACAAGAUGCUUAUUACAGAGCA,((...((((((.(((.....((((((((((....)))))).)))).(((..(((((........))))).)))))).))))))....))....(((((..((........))..))))).,-2.280000,0.911794
SARS-CoV-2-conserved-structured-103,1198-1317,UGCAACCAAAUGUGCCUUUCAACUCUCAUGAAGUGUGAUCAUUGUGGUGAAACUUCAUGGCAGACGGGCGAUUUUGUUAAAGCCACUUGCGAAUUUUGUGGCACUGAGAAUUUGACUAAA,......((((((((((...(((....((((((((.(.(((.....))).).))))))))((((...(((............)))..)))).....))).))))).....)))))......,-0.420000,0.909890
SARS-CoV-2-conserved-structured-104,28758-28877,UCAAGGAACAACAUUGCCAAAAGGCUUCUACGCAGAAGGGAGCAGAGGCGGCAGUCAAGCCUCUUCUCGUUCCUCAUCACGUAGUCGCAACAGUUCAAGAAAUUCAACUCCAGGCAGCAG,.............(((((.....((..(((((.....(((((((((((.(((......))).))))).)))))).....)))))..))...((((.((....)).))))...)))))...,-3.570000,0.909790
SARS-CoV-2-conserved-structured-105,17765-17884,CUUUAUUUCACCUUAUAAUUCACAGAAUGCUGUAGCCUCAAAGAUUUUGGGACUACCAACUCAAACUGUUGAUUCAUCACAGGGCUCAGAAUAUGACUAUGUCAUAUUCACUCAAACCAC,.....................((((....))))((((.....((..((((.....)))).))...((((.((....))))))))))..(((((((((...)))))))))...........,-2.030000,0.903190
SARS-CoV-2-conserved-structured-106,22101-22218,AGGAAAACAGGGUAAUUUCAAAAAUCUUAGGGAAUUUGUGUUUAAGAAUAUUGAUGGUUAUUUUAAAAUAUAUUCUAAGCACACGCCUAUUAAUUUAGUGCGUGAUCUCCCUCAGGGU,.......................((((((((((....(((((((.((((((..................)))))))))))))(((((((......))).))))....))))).))))),-1.700000,0.900437
