SARS-related-conserved-1,13762-13778,GGTGACATGGTACCACA,0.995896
SARS-related-conserved-2,28513-28536,AGATGACCAAATTGGCTACTACCG,0.995868
SARS-related-conserved-3,28406-28422,TTACCCAATAATACTGC,0.995868
SARS-related-conserved-4,27183-27212,GTACAGTAAGTGACAACAGATGTTTCATCT,0.994490
SARS-related-conserved-5,27165-27181,GACAATATTGCTTTGCT,0.994490
SARS-related-conserved-6,25393-25409,ATGGATTTGTTTATGAG,0.994490
SARS-related-conserved-7,5673-5688,CTTTTGTTATGATGTC,0.993169
SARS-related-conserved-8,12791-12807,AAGGGAGGTAGGTTTGT,0.993169
SARS-related-conserved-9,12905-12924,AGGTTTGTTACAGACACACC,0.993160
SARS-related-conserved-10,16430-16445,TAGGAGGTATGAGCTA,0.993160
SARS-related-conserved-11,27386-27405,AAACGAACATGAAAATTATT,0.993113
SARS-related-conserved-12,25547-25562,TTCTTGCTGTTTTTCA,0.993113
SARS-related-conserved-13,29174-29196,TGGCCGCAAATTGCACAATTTGC,0.991736
SARS-related-conserved-14,15350-15367,TTCTTGCTCGCAAACATA,0.990424
SARS-related-conserved-15,29228-29252,CGCATTGGCATGGAAGTCACACCTT,0.990358
SARS-related-conserved-16,28270-28293,TAAAATGTCTGATAATGGACCCCA,0.990358
SARS-related-conserved-17,26232-26261,TGAGTACGAACTTATGTACTCATTCGTTTC,0.990358
