SARS-CoV-2-conserved-unstructured-1,29074-29087,0.891105,0.763759,ATACAATGTAACAC
SARS-CoV-2-conserved-unstructured-2,8078-8094,0.824970,0.752542,CCAATGGAAAAACTCAA
SARS-CoV-2-conserved-unstructured-3,1359-1374,0.836512,0.716868,TTGTTAAAATTTATTG
SARS-CoV-2-conserved-unstructured-4,21626-21643,0.857235,0.713387,ACTCAATTACCCCCTGCA
SARS-CoV-2-conserved-unstructured-5,1420-1436,0.796631,0.697304,CGAATACCATAATGAAT
SARS-CoV-2-conserved-unstructured-6,18471-18484,0.779821,0.695284,TCAATTTAAACACC
SARS-CoV-2-conserved-unstructured-7,11910-11923,0.766973,0.683262,AATCATCATCTAAA
SARS-CoV-2-conserved-unstructured-8,23960-23981,0.787037,0.677563,TTTAATTTTTCACAAATATTAC
SARS-CoV-2-conserved-unstructured-9,13990-14003,0.796334,0.661868,CAAGCTTTGTTAAA
SARS-CoV-2-conserved-unstructured-10,10009-10035,0.760204,0.656672,TCTTTACCAACCACCACAAACCTCTAT
SARS-CoV-2-conserved-unstructured-11,23700-23718,0.822733,0.654787,CCATACCCACAAATTTTAC
SARS-CoV-2-conserved-unstructured-12,18918-18934,0.832132,0.654059,TATTGAATATCCTATAA
SARS-CoV-2-conserved-unstructured-13,27385-27402,0.809693,0.653733,TAAACGAACATGAAAATT
SARS-CoV-2-conserved-unstructured-14,5773-5789,0.808284,0.653530,TAAACATATAACTTCTA
SARS-CoV-2-conserved-unstructured-15,23910-23932,0.837777,0.652669,CACAAGTCAAACAAATTTACAAA
SARS-CoV-2-conserved-unstructured-16,17762-17785,0.767426,0.650277,CTGTCTTTATTTCACCTTATAATT
SARS-CoV-2-conserved-unstructured-17,25569-25582,0.825796,0.648774,TTCCAAAATCATAA
SARS-CoV-2-conserved-unstructured-18,19569-19588,0.753870,0.648103,TTACAAACAATTTGATACTT
SARS-CoV-2-conserved-unstructured-19,22552-22565,0.773461,0.646815,TAATATTACAAACT
SARS-CoV-2-conserved-unstructured-20,25417-25437,0.747166,0.639634,ACAATTGGAACTGTAACTTTG
SARS-CoV-2-conserved-unstructured-21,12195-12210,0.745911,0.634404,TTAAAAAGTTGAAGAA
SARS-CoV-2-conserved-unstructured-22,6757-6783,0.789790,0.633073,TTGTACTAATTATATGCCTTATTTCTT
SARS-CoV-2-conserved-unstructured-23,15236-15257,0.747024,0.630481,ACAACATGTTAAAAACTGTTTA
SARS-CoV-2-conserved-unstructured-24,6225-6238,0.734349,0.628462,ATAAACCTATTGTT
SARS-CoV-2-conserved-unstructured-25,9578-9598,0.825697,0.627812,TATTCTGTTATTTACTTGTAC
SARS-CoV-2-conserved-unstructured-26,21649-21662,0.820527,0.626762,TAATTCTTTCACAC
SARS-CoV-2-conserved-unstructured-27,23985-23998,0.799754,0.625346,ATCCATCAAAACCA
SARS-CoV-2-conserved-unstructured-28,7161-7174,0.774316,0.625040,ACACCTATCCTTCT
SARS-CoV-2-conserved-unstructured-29,6010-6029,0.738649,0.624805,ACCAAACCAACCATATCCAA
SARS-CoV-2-conserved-unstructured-30,6515-6529,0.810840,0.624018,TTAAAAATTACAGAA
SARS-CoV-2-conserved-unstructured-31,18219-18232,0.749532,0.623586,TAAAATGAATTATC
SARS-CoV-2-conserved-unstructured-32,11659-11681,0.819159,0.623162,TTTACTCAACCGCTACTTTAGAC
SARS-CoV-2-conserved-unstructured-33,24778-24797,0.771131,0.622469,AAAGAACTTCACAACTGCTC
SARS-CoV-2-conserved-unstructured-34,21669-21683,0.788644,0.621176,TTTATTACCCTGACA
SARS-CoV-2-conserved-unstructured-35,6105-6122,0.777239,0.618997,ATAAGAAACCTGCTTCAA
SARS-CoV-2-conserved-unstructured-36,28436-28452,0.808270,0.618884,GCTCTCACTCAACATGG
SARS-CoV-2-conserved-unstructured-37,16361-16375,0.772562,0.618808,TCTTGTCTGTTAATC
SARS-CoV-2-conserved-unstructured-38,28148-28162,0.734308,0.616622,TTTTACAATTAATTG
SARS-CoV-2-conserved-unstructured-39,24165-24178,0.745439,0.616288,AAATGATTGCTCAA
SARS-CoV-2-conserved-unstructured-40,26429-26447,0.741331,0.615047,TTAAAAATCTGAATTCTTC
SARS-CoV-2-conserved-unstructured-41,6072-6086,0.727041,0.614595,AATTTGCTGATGATT
SARS-CoV-2-conserved-unstructured-42,1304-1319,0.821877,0.614536,GAGAATTTGACTAAAG
SARS-CoV-2-conserved-unstructured-43,1918-1933,0.751566,0.614279,TCTTGAAACTGCTCAA
SARS-CoV-2-conserved-unstructured-44,27361-27375,0.740696,0.612260,GAAGAGCAACCAATG
SARS-CoV-2-conserved-unstructured-45,28853-28866,0.770189,0.611938,TCAAGAAATTCAAC
SARS-CoV-2-conserved-unstructured-46,14899-14913,0.741656,0.610443,TGTATTAATGCTAAC
SARS-CoV-2-conserved-unstructured-47,19260-19273,0.760965,0.609632,TAACCTTAACTTGC
SARS-CoV-2-conserved-unstructured-48,11724-11740,0.729639,0.607945,TTAGATATATGAATTCA
SARS-CoV-2-conserved-unstructured-49,29008-29023,0.779731,0.607881,TGTCACTAAGAAATCT
SARS-CoV-2-conserved-unstructured-50,11537-11554,0.771241,0.607484,ATTGTTTTTATGTGTGTT
SARS-CoV-2-conserved-unstructured-51,11628-11645,0.850370,0.606842,ATTTTTGTACTTGTTACT
SARS-CoV-2-conserved-unstructured-52,18681-18694,0.747334,0.605637,CACATGCTTTTCCA
SARS-CoV-2-conserved-unstructured-53,7366-7384,0.723602,0.605523,AATAATTAATCTTGTACAA
SARS-CoV-2-conserved-unstructured-54,1031-1047,0.727712,0.605352,GAAATTAAATTGGCAAA
SARS-CoV-2-conserved-unstructured-55,14367-14380,0.714434,0.604803,TTGTGCAAACTTTA
SARS-CoV-2-conserved-unstructured-56,3797-3816,0.741669,0.602580,TTTGATAAAAATCTCTATGA
SARS-CoV-2-conserved-unstructured-57,22281-22296,0.741833,0.600606,CTTTACTTGCTTTACA
SARS-CoV-2-conserved-unstructured-58,16038-16053,0.780044,0.600438,TTACCCACTTACTAAA
