29348,29372,0.922240,0.792683,GCATACAAAACATTCCCACCAACAG
29074,29087,0.891105,0.763759,ATACAATGTAACAC
15236,15257,0.747024,0.630481,ACAACATGTTAAAAACTGTTTA
27383,27403,0.792129,0.586785,ATTAAACGAACATGAAAATTA
29004,29023,0.790478,0.585174,AAACTGTCACTAAGAAATCT
14640,14673,0.790717,0.585168,ACTTACTAACAATGTTGCTTTTCAAACTGTCAAA
14296,14320,0.701939,0.567214,TATTTTAAATATTGGGATCAGACAT
29838,29901,0.854478,0.560829,CATGTGATTTTAATAGCTTCTTAGGAGAATGACAAAAAAAAAAAAAAAAAAAAAAAAAAAAAAA
14366,14380,0.704305,0.552370,ATTGTGCAAACTTTA
27800,27831,0.759756,0.551626,CTTTCTGCTATTCCTTGTTTTAATTATGCTTA
19879,19897,0.715188,0.549470,GACTACAAAAGAGATGCTC
19626,19642,0.728999,0.545191,AGAAAATGTGGCTTTTA
29617,29632,0.665927,0.541041,AATGAATTCTCGTAAC
28853,28868,0.755100,0.540192,TCAAGAAATTCAACTC
11837,11852,0.708400,0.532643,GTACAGTCTAAAATGT
13859,13876,0.743642,0.531223,ACACATTAAAAGAAATAC
24669,24682,0.719261,0.529555,AATCAAAAAGAGTT
17739,17785,0.718848,0.528873,ACGTAACCCTGCTTGGAGAAAAGCTGTCTTTATTTCACCTTATAATT
27770,27787,0.742824,0.524747,ATTAATTGACTTCTATTT
25546,25560,0.797636,0.524573,CTTCTTGCTGTTTTT
20126,20160,0.738002,0.521898,GAGAAGCCGTAAAAACACAGTTCAATTATTATAAG
16348,16378,0.724613,0.517832,TCACATAAATTAGTCTTGTCTGTTAATCCGT
548,561,0.660814,0.516861,ATTCAGTACGGTCG
28740,28760,0.752071,0.514519,CAATCGTGCTACAACTTCCTC
12232,12246,0.645475,0.513895,TGAATTTGACCGTGA
29656,29685,0.731725,0.510167,TAACTTTAATCTCACATAGCAATCTTTAAT
15881,15918,0.708588,0.509956,CTCAACATACAATGCTAGTTAAACAGGGTGATGATTAT
29710,29726,0.676109,0.509778,TGAAAGAGCCACCACAT
26366,26384,0.697861,0.507155,CGTACTGCTGCAATATTGT
11222,11239,0.672433,0.505877,GTCTATATGCCTGCTAGT
16253,16277,0.660253,0.504126,TTCTTTGCAATTCACAGACTTCATT
29790,29820,0.705157,0.502068,ATATGGAAGAGCCCTAATGTGTAAAATTAAT
13317,13338,0.670786,0.500644,AAATACCTACAACTTGTGCTAA
